Roman-Urdu,Urdu
mulawis,ملوث
label,لیبل
rab,راب
adil,عادل
saadgimeri,سادگی
alluring,الليرنگ
kahawat,کہاوت
grand,گرانڈ
naak,ناک
request,ریکوۓسٹ
taso,تصو
money,مونيي
yun,یوں
save,سیو
sadayein,صدیاں
purchase,کونیکشن
deadmen,ڈیڈ
nikali,نکالی
dia,دیاہے
nt,ناٹ
sobia,ثوبیہ
broadcast,براڈکاسٹ
khamosh,خاموش
pashtoonpa,پشتون
nadan,نادان
rangon,رنگوں
1,1
tabah,تباہ
kick,کوکک
idea,آیڈیا
qasmein,قسمیں
giri,گری
dora,دورہ
loun,لونگی
tukry,ٹکڑے
sami,سمیع
no,نو
panjtani,پنج
ranjhay,رانجھے
thek,ٹھیک
malika1hahaha,ملکہ
lamhon,لمحوں
occupy,وکيپي
year,یہر
soe,سوے
chupa,چھپا
jigar,جگر
dolat,دولت
chore,چوڑیاں
guhmne,گھومنے
khair,خیر
q,کیو
hone,هونے
chuma,چوما
gari,گاڑی
saas,ساس
mita,مٹا
dehshat,دہشت
all,اہل
hal,هال
taliban,طالبان
yesmanhi,یاسمین
lvrslyk,سلیک
point,پوانٹ
sene,سینے
badnasib,بدنصیب
anda,انڈا
loto,لوٹو
zingoo,زنگو
charh,چڑھ
wa,وا
aarzi,عارضی
iqraar,اقرار
sirf,صرف
friends,فرئینڈز
muna,مونا
nikleq,کھولا
aahn,آہن
rakhy,رکھنے
bekar,بیکار
yon,یوح
me,مجہمیں
dress,ڈريس
zariyhe,ذریعے
bhag,بھاگ
chaghi1islamabd,چاغی
jal,جل
may,مءی
chutti,چھٹی
hakeem,حکيم
rafaqatainye,رفیق
amanat,امانت
knowledge,کنوليڈج
traz,طرار
bhai,بهای
wese,ویسے
kaha,کہا
khudai,کھدائی
queen,قوین
siddique,صدیق
gaz,گز
halak,ہلاک
kasrat,کثرت
puri,پوری
rehna,رخان
apps,ایپس
lago,لگو
uska,اسکا
qabil,قابل
batil,باطل
baatein,باتيں
azaan,ازاں
smarty,سمرتی
baaz,باز
amxamix,اکیس
somra,سومرا
achank,اچانک
dekho,دیکھو
dhagabolajalta,جلتا
rooh,روح
jawan,جوان
kursi,کرسی
barf,برف
paper,پیپر
aya,آیا
god,گاڈ
maheboob,محبوب
hansa,ہنسا
,نان
bhaio,بندی
gobhi,گوبھی
hain,هيں
dard,درد
duarani,دورانی
owaisshah89,اویس
abuse,ایبیوز
quetta,کویٹا
ab,آب
juka,جکا
khuram,ہلکا
kadar,کدر
lagi,لگی
involve,انوولو
agr,اگر
motor,موٹر
hogi,ہوگی
guftugo,گفتگو
roye,روتے
jami,جامی
aasaib,آسیب
enter,اانہ
paglon,پاگلوں
akeli,اکیلی
date,ڈیٹ
nikalty,نکلتے
bhai,بهئی
maro,مارو
hotel,حوٹيل
khwabon,خوابوں
wazu,وضو
naha,نها
faqiron,فقروں
elan,الان
dhalti,ڈھلتی
mazak,مزاق
qaboliat,قبولیت
z,زی
wazahteinkesi,وضاحتیں
year,يير
janab,جناب
contrary,کونٹراري
playboy,پلے
milte,ملتے
na,نا
advance,ایڈوانس
dino,دنو
send,سند
shrt,شرط
kiran,کرن
dil,دیک
8,8
tmhary,تمھارے
mana,منع
drna,ڈرنا
education,تعلیم
chat,چیٹ
sare,سارے
chocklate,چوک
khayal,خیال
tamana,تمنا
chairman,چیرمین
time,ٹایم
khaya,کھایا
labour,لیبر
your,يوار
lakeerain,لکیریں
nzaron,نظروں
c,سی
resham,ریشم
7,7
ehsan,احسان
wat,واٹ
sahi,صحیح
take,ٹیک
bardasht,برداشت
she,شي
kejye,کیجیے
mercy7halka,مرسی
satana,ستان
arzi,ارضی
mza,مزہ
ashk,اشک
madaar,مدار
memon,میمن
abid,عابد
for,فور
phr,پهر
time,ٹٔم
uchalna,اچھلنا
hui,هوی
ani,آنی
hyrat,حیرت
muqably,مقابلے
hi,ہی
sunehri,سنہری
hychain,چين
shoo,شو
300,300
rai,راۓ
abi,ابی
bhang,بھنگ
allah,اللہ
urdu,اردو
wahey,وہے
pehle,پہلے
such,سچح
suna,سونا
pakistani,پاکستانی
glass,گلاس
angelzz,اینجلس
smjho,سمجھو
shabash,شاباش
grandmother,گرانڈمودر
sakti,سکتی
of,آف
yhi,یہیں
wish,وش
aqbanhi,عقبہ
kalaam,کلام
paon,پاؤں
karobar,کاروبار
leni,لینی
kinare,کناروں
jafri,جعفری
chekoo5,چیکو
dair,دائر
tumko,تمکو
wadi,وادي
bro,برو
bus,بستی
bugs,بگذ
izhaar,اظہار
server,سيرٔور
jaweria,جویریہ
chahoge,چاہوگے
khilta,کھلتا
122,122
rakh,رکھ
girls,گرلز
mobile,مو
market,مارکیٹ
dant,ڈانٹ
unhon,انہوں
shahd,شھد
neelam,نیلم
haqeeqat,حقیقت
surkh,سرخ
matdalnablkymasjid,ڈالنا
zain,زین
khushi,خشک
chating,چیٹنگ
sight,سٔٹ
yardhamkian,دھمکیاں
july,جوﻻٔي
msg,میسیج
report,رپورٹ
terakhushian,خشیاں
babies,ببیز
sahilli,سہیلی
function,فنکشن
peace,پیس
be¤hak,بیشک
manual,مینوئل
nazim,نظم
song,سونگ
uthte,اٹھتے
sis,سیس
aadat,عادت
alyia,عالیہ
heard,حيرڈ
saf,صف
floor,فلور
ata,اتا
ghamon,غموں
ache,ااچھے
rebel,ریبل
idot,دوٹ
gaoon,گاؤں
pure,پیور
soulzy,سول
nt,نٹ
abdullah,عبدللہ
asim,اسم
pehchantay,پہچانتے
king,کنگ
lipstick,سٹک
imran,عمران
kasor,قصور
hainaurkhwahishat,خواہشات
guzari,گزاری
laal,لال
tbiyt,طبعیت
zeal,زیل
rule,رول
thafarishton,فرشتوں
happy,ہیپی
aridian,عیدین
saki,سکی
chutti,چھوتی
kuta,کتا
sahi,سہی
mareez,مریض
ajar,اجر
khuda,خدا
twist2q,وسط
allhamdo,حمد
tough,ٹوف
path,پاتھ
farooq,فاروق
hunger,حينجر
mukhalfat,مخالفت
shuru,شورو
farz,فرض
espnstaraseer,اسیر
bol,بول
seven,سئون
khabrii,خبری
humsafar,ہمسفر
wade,وادے
exam,امتحان
zulm,ظلم
bojh,بوجھ
loha,لوھا
unlawful,انلاوفيل
load,لوڈ
hira,حرا
stas,ستاس
only,ونلي
stati,ستاتی
tabdeel,تبدیل
goreela786ali,گوریلا
kya,کیا
budai,بدی
ghamgeen,غمگین
barabar,برابر
table,ٹابل
torna,توڑنا
mafia,مافیا
breast,بريسٹ
khara,کھڑا
thehro,ٹھہرو
abdul,عبدل
center,سنٹر
zaeef,ضعیف
seekh,سیکھ
mitro,میٹرو
garmiyon,گرمیوں
yahan,یہاں
shame,شیم
azad,آزاد
cherry,چه
rahbar,رہبر
nechy,نیچے
kahin,کہیں
utar,اتار
oarh,اوڑھ
sfjan2,سف
udhar,ادھار
khu,خو
hosly,حوصلے
tm,تم
aaon,آوں
kahon,کہوں
bye,باےکرنے
aienay,آئینے
asif,آصف
maa,ماں
nawway,نوے
kat'te,کاٹتے
morgunmeri,مورگن
baagh,باغ
box,باکس
ko,کو
tarmeem,ترمیم
mene,مینے
atif23,23
lagta,لگاتا
pencil,پينسل
tayar,تیار
diljaly,جلے
australiya,آسٹریلیا
unknown,انکنون
ledy,لیڈی
usay,اسے
krna,کرنا
raat,را
khe,کھائی
lohe,لوہے
b,بهے
zard,زرد
wakeel,وکیل
chhupy,چھپے
hon,ھوں
assassin,اساسن
kinara,کنارا
dugna,دگنا
uthen,اٹھیں
aabi,آبی
6urte,اڑتے
ban,بن
chorna,چھوڑنا
mo,موہ
software,سافٹوئر
crazy,کراذي
individual,انڈودوال
shayad,شاید
lagao,لگاؤ
godh,گود
sukun,سکون
hasb,حسب
nibha,نبھا
msg,مسیج
sun,سُن
marne,مارنے
mangal,منگل
42,42
kamyam,یاب
hashmi,ہاشمی
boby786,بوبی
husband,ہسبنڈ
btana,بتانا
lambi,لمبی
aam,عام
loveurajj,راج
punhchy,پہنچے
tanz,طنز
bt,بت
mola,مولا
ge,گي
bahar,باهر
edwward,ایڈورڈ
ston,ستوں
bara,عبرت
romantic,رومانٹک
silent,سلینتھ
super,سوپر
nashta,ناشتے
bojhal,بوجھل
pyari,پیاری
musalsal,مسلسل
give,گِو
jumla,جملہ
lena,لینا
har,ہر
imam,امام
wang,ونگ
sohail,سہیل
dita,دتا
mehdood,محدود
jisnay,نسخے
karao,کراؤ
purana,پرانا
narm,نرم
balance,بیلنس
sog,سوگ
frndskidunya,کیدو
bar,بر
he,ہیںک
akhtar,اختر
itna,اتنا
my,مائے
1farista,فرشتہ
exam,اِگزیمز
thanks,اپسے
moun,منہ
aini,آئینی
gine,گنے
problem,پروبليم
pia,پیا
parhata,پڑھاتا
july,جيلي
bye,بائے
thokar,ٹھوکر
yad,یاد
entery,انٹری
time,تمی
fauran,فورا
krta,کرتاتھا
ata,آتا
thukrate,ٹھکراتے
srdar,سردار
four,فوار
jaga,جگہ
november,نؤومبير
tota,ٹوٹا
himmat,ہمّت
nikle,نکلے
fly,فلے
gusa,غصے
milenge,ملیں
pakaane,پکانے
14,14
leti,لیتی
charaghoon,چراغوں
kehne,کہنے
mubarik,مبارک
journey,جاورنيي
maloom,معلوم
daad,داد
mitti,مٹی
appearance,اپپيرانس
diamondguyisay,گاہے
naqal,نقل
wisaal,وصال
ahem,اہم
sham,شام
wasalam,وسلام
me,مے
ta,تاکہ
shikaryr,ہیکر
bujha,بجھا
sunaen,سنائیں
nywayx,ویز
bjana,بجانا
cheyia,چیا
mehrabpur,مہراب
hmry,مستقبل
ten,ٹين
soin,سوئیں
hisab,حساب
change,چینج
waar,وار
tare,تارے
tayari,تیاری
rozana,روزانہ
sanbhal,سنبھال
bhai,انکالاب
mit,مٹ
jokes,جوکز
hand,حانڈ
payenge,پیئیں
above,ابؤو
team,ٹیم
bikhar,بکھر
rakho,رکھو
stain,سٹين
habitation,حابٹاشن
sahara,سہارا
wel,ویل
ponch,پہنچا
kundi,کنڈی
private,پرائویٹ
aftr,آفٹر
rahe,رھے
guy,گائز
lag,لاگ
missing,مسنگ
borng,بورنگ
cheen,چھین
ukar,اکھاڑ
chawal,چاول
pakaya,پکایا
baba,بابا
always,الوايز
sawal,سوال
sad,صد
inteha,انتہا
with,وِد
grief,گريف
aam,آم
grandfather,گرانڈفادر
han,ہان
ise,سبق
cricket,کرکيٹ
bahadur,بہادر
masaail,مسائل
nklne,نکلنا
prna,پڑنا
t,ت
saturday,سيٹيرڈے
kis,کس
halaal,حلال
ufone,فون
kitty,کٹی
kbighbra,گھبرا
chatni,چٹنی
qabristan,قبرستان
jaaongajo,جاونگا
hyye,ه
uni,یونی
aisi,ایسی
drop,ڈراپ
tasleem,تسلیم
haishams1,شمس
zaroori,ضروری
ilan,اعلان
dobara,دوبارہ
wapda,واپڈا
apun,اپن
nigahein,نگاہیں
can,کین
darogh,دروغ
hykabi,هي
ljp,لپ
bia,بیا
phasa,پھنسا
english,انگلش
situation,سٹياشن
wha,وت
fool,فول
jitne,جتنے
halaat,حالات
include,انکليڈي
sehta,سہتا
lucky,یوکی
garmi,گرمی
tuesday,ٹييسڈے
dhoop,دھوپ
nagri,نگری
hawale,حوالے
beet,بیت
burey,برے
sikandar,سکندر
us,يس
9,9
sahara,سہا
nazdeek,نزدیک
kot,کوٹ
hona,ہونا
romantic,رومںٹک
gye,گئے
details,ڈیٹیل
tohmat,تہمت
maaon,ماؤں
enjoy,انجواے
gana,گانا
daiyo,دیو
han,ہاں
wahan,وهاں
lahoriye,لاہوری
ba,با
faseeh,فصیح
ghost,گوسٹ
asghar,اصغر
hamla,حملہ
gudaljesani,عدل
hear,حير
syed,سييڈ
wohi,وہی
date,ڈيٹ
kismat,کیف
private,پرائیویٹ
heart,ہارٹ
sara,ساره
uthaya,اٹھایا
asalam,السلام
pohanch,پہنچ
junoon,جنون
ghuroor,غرور
tauras,ٹورس
treat,ٹریٹ
laso,لاس
shiddat,شدت
sep,ستمبر
meri,میری
timing,ٹم
khatme,کرپشن
sub,صب
jarga,جرگہ
salme,صوبہ
khumaini,خمینی
cricket,کرکٹ
tournament,ٹاورنامنٹ
shap,شپ
honey,ہنی
honey,ہونی
doobte,ڈوبتے
out,آوٹ
punkxx,پنک
yar,یارر
saman1,سمن
iran,ایران
huq,حق
ari,اڑی
hon,ہهو
usne,اسنے
gila,گلہ
rabica,ربیکا
interested,انٹرسٹد
mehngai,مہنگائی
young,ياونگ
shadeed,شدید
judai,جدائی
cncrtrate,توجہ
access,اکسيس
married,مررید
mashghalay,ہزاروں
command,کمانڈ
maat,مات
question,کويسشن
pe,پہ
physical,پحيسکال
boond,بوند
memon,ميمون
phela,پهلا
position,پوزیشن
one,ون
shuhrat,شہرت
roki,روکی
bichare,بیچارے
dehleez,دہلیز
bike,بائیک
kholi,کھلی
paiso,پیسوں
bikhri,بکھری
torch,ٹارچ
marry,مارري
behn,بین
ma,امن
shakhs,شخص
panga,پنگا
jado,جدو
hurt,ہرٹ
pochty,پوچھتے
bety,بیٹے
janta,جانتا
muscles,مسلّز
hoga,ھوگا
guzra,گزرا
thkron,ٹھوکروں
bibi,بیبی
chuno,چنو
vania,ار
yahya,ياحيا
dia,دیا
kapre,کپڑے
pension,پنشوں
za,زہ
dadi,دادی
msg,میسجج
pio,پیو
born2love,بورن
ho,حو
thandi,ٹھنڈی
faida,فائدہ
shadi,شادی
amal,عمل
engineering,انجیرننگ
peety,پیتے
fight,فٔٹ
rhi,رهی
maray,مریں
asar,اثر
mere,میرے
0000fun(ghazal)pen,پین
maazi,ماضی
chance,چانس
baloch,بلوچ
be,بے
kho,کھو
meet,ميٹ
r,ر
thirst,تھرسٹ
yad,ید
sta,ستا
parti,پڑتی
joy,جوي
chashni,چاشنی
tayarun,تیاریاں
death,ڈيتھ
shabnam,شعبان
enough,انوگف
iltija,التجا
country,کينٹري
attractive,يٹٹراسٹٔو
don,ڈان
bande,بندے
un,ان
brother,بروتھر
ye,ے
never,رین
kahani,کہانی
harnay,ہارنے
shariq,شارق
itaa'at,اطاعت
zara,زرا
faraat,فرات
nuqsan,نقصان
btaon,بتاوں
nama,نامہ
6,6
nisbat,نسبت
khushbo,خشبو
basana,بسانا
khan,کہن
monday,مونڈے
zarad,رنگت
barfee,برفی
behoda,بیہودہ
com,کوم
het,ہیٹ
ashes,اشيس
ra,رحمت
a,آرہی
morkha,مورخہ
misuse,مسےوز
tusi,تسی
shaairi,شعروشاعری
buland,بلند
bismillah,للہ
bajti,بجتی
hath,ھاتھ
jari,جاری
shehar,شہر
taqazoon,تقاضوں
mehndi,مہندی
insan,انسان
detail,تفصیل
membro,ممبروں
remember,ريميمبير
30,30
usaysagar,اترنے
goli,گولی
sinar,سنار
khiltay,کھلتے
never,نئور
torny,توڑنے
january,جانياري
arshad,ارشاد
faqiron,فقیروں
lali,لالی
mudat,مدت
saim,صائم
net,نیٹ
stand,سٹانڈ
phool,پھول
follow,فالو
thunder,ٹهندر
force,فورس
small,سمول
thanda,ٹھنڈا
habibjaan,حبیب
madiha,مدیحہ
marty,مارتے
jety,جیتنے
acceptance,اکسيپٹانس
wapis,واپس
azab,عزاب
thakan,تھکن
dute,ڈیوٹی
hahahahahaha,ہاہا
jeene,جینے
sarkon,سڑکوں
pe,پے
late,لیٹ
shareef,شریف
vaadon,وعدوں
express,ایکسپریس
sahaba,صحابہ
jaan,ج
akele,اکیلے
do,ڈو
ajao,آجاؤ
oppression,وپپريسون
khiladi,خلاد
khake,خاکی
hath,ہاته
shakhoon,شاخوں
koko,کوکو
hifazat,حفاظت
tafre,تفری
s0chay,سوچے
maad,ماد
intro,اِنٹرو
kitabon,کتابوں
gay,گے
capton,کپتان
peche,پیچھے
jauf,جوف
larki,لڑکی
tarefen,تعریفیں
chehra,چہرہ
sanwal,وال
jotey,جوتے
maat,مال
zero,ذيرو
horse,حورسي
save,سأو
esha,عشا
fir,فر
krwana,کروانا
sky,سکي
jitna,جتنا
nawaqif,ناواقف
unhain,انھیں
romantic,رومیٹک
betho,بیٹھو
krdo,کردو
kabotar,کبوتر
chor,چھوڑ
rota,روتا
rashk,رشک
ary,ارے
aane,انے
mojood,موجود
e,اوبیڈی
gaaon,گاوں
copy,کوپی
ghor,گھوڑ
itla,اطلاع
pal,پل
ghair,غير
body,بوڈی
hushe,ہوش
bari,بڑی
sajan,ساجن
waqai,واقعی
masala,مسالا
tukara,ٹکڑا
munkir,منکر
mutha,مٹھا
naib,نائب
blame,بلیم
rakhti,رکھتی
cinema,سینما
poetry,پؤئٹری
baber,بابر
dont,دونٹ
dawaa,دعوا
shuru,شروع
letilarke,رس
adhi,آدھی
bolen,بولیں
heaven,حئون
raha,رھا
funz,فونز
taar,تاڑ
humor,حمو
banna,بننا
dikhane,دکھانے
grace,گريس
ahmar,احمر
bary,بڑے
farazsindhi,سندھ
punjab,پنجاب
seng,سینگ
qaadri,قادری
asal,اصل
danger,ڈینجر
use,يوز
main,میں
krwai,کروائی
wabasta,وابسطہ
gum,گوم
dera,دیرا
angoor,انگور
aryan,ارین
z@¤firaq1,فاروقی
waja,وجہ
aas,آس
humdard,ہمدرد
mscit,مسکت
zarur,ضرور
baryani,بریانی
books4,بوکس
speak,اسپيک
badal,بدل
match,مچ
leky,لکھے
pelai,پھیلائی
sonia,سونیا
allah,اللاه
rehta,رہتا
taiz,تیز
tahir,طاہر
fareb,فریب
deni,دینی
had,حد
ujar,اجاڑ
neture,نیچر
larkana,لاڑکانا
turn,ٹيرن
info,انفو
pare,پڑے
pol,پول
none,نونی
krti,کرتی
roopa,روپا
qbz,قبض
1000,١٠٠٠
nahi,نھیں
lasting,لاسٹنگ
flower,فلوير
jaib,جیب
shikast,شکست
mutala,مطالعہ
ranjish,رنجش
bahir,باہر
people,پيوپل
bhataknay,بھٹکنے
sani,سانی
saya,سیا
asool,اصول
mhtab,مہتاب
lagna,لگنا
lrny,لڑنے
darya,دریا
justice,جيسٹس
rabi,رابی
yr,یر
reject,ریجیکٹ
amjid,امجد
rakhte,رکهتے
bettary,بیٹری
today,ٹوڈے
sari,سری
tanha,تنہا
sunday,سانڈے
aalam,عالم
alin8,الینا
hzrat,حضرات
petrol,پيٹرول
side,سادے
kaghaz,کاغذ
absence,ابسنس
1,۱
bhar,بھر
neki,نیکی
yaraan,یاران
dlata,دلاتا
pkrnay,پکڑنے
undrwere,انڈر
yazeed,یزید
kapro,کپڑوں
chezon,چیزوں
kaho,کہو
muskra,مسکرا
haya,حیا
global,گلوبل
rema,ریما
khaty,کھاتے
baith,بیٹه
to,تو
maghrur,مغرور
hogi,ہوگئی
bachpan,بچپن
khwa,خوا
quality,کوالٹي
incorrect,انسورريکٹ
brtan,برتن
milo,ملو
drwazay,دروازے
useful,يسيفيل
confirm,کونفرم
july,جولائی
paigham,پیغام
membr,ممبر
behna,بہنا
storm,سٹورم
ando,انڈو
wrd,ورڈ
ghaflat,غفلت
apko,اپکو
original,ورگنال
jhot,جھٹ
intazam,انتظام
bhai,بھای
sekhy,سیکھے
qasim,قاسم
water,واٹر
choo,چو
noshee,نوشی
jante,جانتے
kash,کاش
paheli,پھیلی
killer,کیللر
telenor,ٹیلی
dukhaya,دکھایا
gujranwala,گجرانوالا
later,لاٹر
mazdoor,مزدور
shid,شد
akhir,آخر
jazbat,جذبات
mahol,ماحول
ch,چوہدری
mrb,مربی
zeus,زیوس
gaya,گیاہ
aalaat,آلات
sahil,ساحل
new,نیو
chek,چیک
coca,کوکا
sunday,سنڈے
kiti,کیٹی
seriali,سیریل
lazy,لاذي
bazti,عزتی
garhi,گڑھی
tu,توں
28,٢٨
behrani,بحرانی
nepal,نپال
notice,نوٹس
300,٣٠٠
16,16
mardon,مردوں
beti,بیٹی
number,نيمبير
kumar,کمار
tongue,ٹونگيي
membrz,ممبرز
parhne,پڑھنے
kamaw,کما
beauty,بیوٹی
pukhtoonkhva,پختون
ikhtiyar,اختیار
bath,باتھ
adhora,ادھو
hbh,ہبہ
wo,وو
lutf,لطف
zubani,زبانی
bijli,بجلی
darmian,درمیان
sa,سا
gane,گانے
ahwal,احوال
pakana,پکانا
tazi,تازی
reed,رید
paar,پار
nehr,نہر
jaya,جایا
nadani,نادانی
hota,هوتا
khuley,کھلے
san,ساں
means,مینس
alert,اليرٹ
hajoom'e'dostan,ہجوم
sheya,شیعہ
josh,جوش
lift,لیفٹ
bhari,بھری
talash,تلاش
an,انتھ
hua,ھوا
hasil,حاصل
likhen,لکھیں
wajib,واجب
faisal,فیصل
shanti,شانت
kb,کب
zameerkon,ضمیر
nazarechopal,نظارے
rubaro,روبرو
aasoodgi,آسودگی
udas,اداس
boy,بو
ras,راس
complete,کومپلٹ
ghairon,غیروں
hate,ہاتے
pathano,پٹھانوں
10,١٠
kafiyat,کفایت
choza,چوزہ
chahte,چاہتے
request,ریکوسٹ
green,گرین
m,محمّد
aps,آپس
ilaan,علان
zy,ذی
jenai,جینی
wada,وعدہ
rida,ردا
utha,اٹھا
hujre,حجرے
chand,چاند
free,فري
dhoni,دھونی
bubli,ببلی
charming,چارم
1999,۱۹۹۹
aanch,آنچ
kheli,کھیلی
zeal,ذيل
thirty,تھرٹي
14,١٤
farag,فارغ
window,ونڈو
whealr,وہیلر
7,٧
india,انڈیا
dafa,دفع
rahat,راحت
hadees,حدیثِ
mzahya,مزاحیہ
shown,شون
adnan,عدنان
tmhari,تمھاری
pryshani,پریشانی
suno,انو
shadabitumhein,شادابی
huma,ہما
choriyan,چوریاں
anis,انیس
sali,سالی
saima,ساما
dozkhi,دوزخی
hot,حوٹ
abass,عباس
letay,لیتے
faheem,فاحيم
btaya,بتایا
girls,گرلس
mint,منٹ
injustice,انجيسٹس
nafratonka,نفرتوں
getsensiblehi,گیٹ
mere,ميرے
family,فاملي
j,جے
borhi,بوڑھی
minute,منيٹي
gehri,گہری
bal,بال
dant,دانت
jahaz,جہاز
sincere,سنسیر
curtain,کرٹين
dono,دونوں
samjhaya,سمجھایا
hai,هے
dekhte,دیکھتے
afghanistan,افغانستان
pseibbpu,پسی
w,والسلام
kha,کھا
aan,آں
jazb,جذب
tangy,ٹانگیں
phoolon,پھولوں
kuriyan,کڑیاں
sitaron,ستاروں
thing,تھنگ
sarkar,سرکار
punch,پينچ
maanind,مانند
khayalon,خیالوں
krwat,کروٹ
manga,مانگا
kashish,کشش
cry,کري
bunk,بنک
reply,ریپلاے
gujraat,گجرات
jata,جاتا
zikr,ذکر
happy,ح
jan'na,جاننا
jane,جانے
network,نیٹورک
bheja,بھیجا
load,لؤڈ
beta,بیٹا
tumhary,تمہارے
send,سیند
aa'oonga,آونگا
yaki,یکی
cha,چا
nasha,نعش
adhore,ادھورے
pati,پاتی
dhammal,دھمال
chala,چلا
shabab,شباب
dozakh,دوزخ
kandhar,کاندهار
heroz,ہیروز
ghar,غار
bolne,بولنے
find,فنڈ
kala,کالا
wicto,وکٹوں
khaloos,خلوص
ajata,آجاتا
saani,سان
ghour,غور
bechta,بیچتا
bethe,بیٹھے
sakhi,سخی
parinde,پرندے
dekhun,دیکھوں
dikha,دکھا
lagao,لگاو
ghora,گھوڑا
ishthr,اشتہار
parhi,پڑھی
durtyguy345,ڈرٹی
hazar,ہزار
naali,نالی
zahir,ظاہر
health1,ہیلتھ
rasm,رسم
teen,تين
dhammal,دھم
starz,سٹارز
bat,بات
pyasa,پیاسا
chahti,چاہتی
mohar,موہر
matam,ماتم
he,حي
sikha,سکھا
fahim,فہیم
safdr,صفدر
sultan,سلطان
suraj,سورج
geet,گیت
soda,سودا
khakar,کھاکر
urr,اڑ
chlen,چلیں
past,پاسٹ
enjoy,ینجوے
report,ريپورٹ
pusht,پشت
ginty,گنتی
thin,تھن
talib,طالب
karachi,کراچی
whenevr,وین
print,پرنٹ
kro,کرو
naqsh,نقش
goliyan,گولیاں
ang,انگ
isly,اسلی
farq,فرق
sb,سب
yell,ييل
etc,يٹس
morning,مورنگ
bazm,بزم
gali,گالی
tango,ٹانگوں
dhali,ڈھلی
jinho,جنهوں
furniture,فيرنٹير
personal,پرسونل
samait,سمیٹ
uthe,اٹھے
galyon,گلیوں
kahi,کہی
milna,ملنا
khana,کهانا
b,بھی
nigah,نگاہ
soty,سوتے
faisal,فيسال
shana,شانہ
kaamyab,کامیاب
chori,چوری
tel,تیل
milatay,ملاتے
dekhny,دیکھنے
jaaun,جون
gulam,غلام
khadim,خادم
fiza,فضا
lamp,لامپ
jhote,جھوٹے
kashmir,کشمیر
justaju,جستجو
42,٤٢
marwa,مروا
adhi,ادھ
rani,رانی
different,ڈففيرينٹ
bnati,بناتی
ameer,امیر
dew,ڈیو
aks,عکس
bazar,بازار
dastan,داستان
piyase,پیاسے
professor,پروفسثور
jmi,جمی
deep,ڈيپ
mara,مارا
teer,تیر
pk,پک
guzrna,گزرنا
jinki,جنکی
wajid,واجد
gumnam,گمنام
ghair,غیر
drust,درست
nazim,ناظم
ilzaam,الزام
sargoshiyanteri,سرگوشیاں
guzar,گزار
wan,واں
mehfilon,محفلوں
hai,ہے
ko,کؤ
profile,پروفائل
9,۹
q,کیہں
eman,امان
daro,ڈرو
salamat,سلامت
parwa,پروا
narazgi,ناراضگی
phephron,پھیپھڑوں
parosi,پڑوسی
sabhi,سبھی
beat,بيٹ
istiqbal,استقبال
waqi,واقع
bolti,بولتی
march,مارچ
know,کنو
kafee,کافي
jamhuriyat,جمہوریت
semple,سمپل
aayat,آیت
apki,آپکی
murgha,مرغا
umat,امت
soghat,سوغات
rj,رج
hell,هیل
syd,سید
bant,بانٹ
pehchanta,پہچانتا
dhool,دھول
raat,رات
neend,نیند
zaroriat,ضروریات
zeshan,ذیشان
muhammed,ميحامميڈ
raza,رضا
6,٦
munibe,منیب
rm,رم
guzarti,گزرتی
nayab,نایاب
romi,رومی
chahiye,چاہیے
frd,فرد
dhote,دھوتے
farhad0786,فرہاد
kashif,کاشف
khalifa,خلیفہ
haris,حارس
inteqal,انتقال
para,پڑا
aabad,اباد
shrmila,شرمیلا
bechari,بیچاری
saaf,صاف
salman,سلمان
uff,اف
ehbaab,احباب
rom0,رومو
just,جيسٹ
tamasha,تماشا
zoya,زویہ
lagao,لاگو
majeed,مجید
riohfz,ریو
hi,ہاے
gaze,گاز
jawani,جوانی
rah,راه
libas,لباس
direct,ڈريکٹ
masoom,معصوم
kehta,کہتا
karden,کردیں
indians,انڈین
najumi,نجومی
apart,اپارٹ
infidel,انفڈيل
bechaini,بیچینی
hansta,ہنستا
dakhi,دکھی
lia,لیا
mera,ميرا
safhon,صفحوں
mata,متا
choos,چوس
shamil,شامل
dor,دوڑ
aitbaar,اعتبار
sweetpari22,ویت
jati,جاتی
katrina,کترینا
sochta,سوچتا
life,لایف
mother,موتھ
hi,ہائے
hello,حيللو
haara,ہارا
ahsan,احسن
btata,بتاتا
hurf,حرف
musafir,مسافر
likhta,لکھتا
jhuk,جھک
lazim,لازم
bazi,بازی
nai,نی
thehra,ٹھہرا
bhot,بھوت
makan,مکان
hope,هوپ
momigulzindagi,مومی
ruswa,رسوا
dino,دنوں
ruka,رکا
kharidaar,خریدار
tabhi,تبھی
jaiso,جیسوں
gustaakh,گستاخ
sohni,سوہنی
pan,پان
nechay,نيچے
nasheen,نشین
gila,گلا
best,بيسٹ
zameen,زمین
naya,نيا
jor,جور
dene,دینے
shafiqahmad,شفیق
nshan,نشاں
zaat,زات
lipti,لپٹی
mauj0on,موجوں
tameer,تعمير
dude,ددے
tijarat,تجارت
ashamed,اشاميڈ
8,٨
ston,سٹون
ujre,اجڑے
noise,نوسي
bachon,بچوں
suna,سنا
ky,کیے
lao,لاؤ
umar,يمار
nahi,نہانے
der,دار
dosry,دوسرے
zahbi,ظہبی
soratehal,صورتحال
saly,سالے
btati,بتاتی
kren,کريں
dete,دیتے
thora,تھوڑا
block11,بلوک
afwa,افواہ
slow,سلو
tahare,تہارے
bolo,بولوں
0,٠٠
hafiz,حافظ
waqar,وقار
begum,بیگم
shazia,شازیہ
moqa,موقع
manta,مانتا
bje,بجے
behroz,بہروز
syed,سيد
much,مچھ
boyfriend,بويفرينڈ
so,سو
mafhoom,مفہوم
breakup,بریک
target,ٹارگٹ
sunana,سنانا
aaho,آہو
mohtaj,محتاج
door,دور
interest,انٹريسٹ
refrence,ریفرنس
shikway,شکوے
18,١٨
jugno,جگنو
naslain,نسلیں
aasan,آسا
femly,فیملی
acha,اچھا
ulta,الٹا
lala,لالہ
here,هیر
speed,سپیڈ
leta,لیتا
5,5
insha,انشاء
phelana,پھیلانا
rahm,رحم
kn,کن
ghus,گھس
wahan,وہاں
ghafil,غافل
kahti,کہتی
hyd,حیدرآباد
news,نوس
alone,الونرائیڈر
pani,پانی
ans,آنس
pehnana,پہنانا
not,نوٹ
mushtaq,مشتاق
tasweer,تصوير
uljhano,الجھنوں
bakhshi,بخشی
obtain,وبٹين
bechny,بیچنے
keke,کي
hastiyan,ہستیاں
multan,ملتان
banta,بنتا
jaisa,جیسا
hawas,حواس
farman,فرمان
hi,هاے
arz,ارض
gol,گول
usko,اسکو
bahaaron,بہاروں
barbie,باربی
doosra,دوسرا
dhoonda,ڈھونڈا
atawo,آٹا
rakhna,رکھنا
worthless,ورٹھ
raza,راذا
andaz,انداز
rizwan,رضوان
niny,نینی
saya,سایہ
khoobi,خوبی
de,دے
msaly,مسالے
kabhi,کبھی
roshni,روشنی
usually,يسياللي
barish,بارش
t-shirt,ٹشرٹ
sheeshay,شیشے
serious,سيراوس
add,اد
allah,اللاہ
alfaz,الفاظ
thehre,ٹھہر
prwana,پروانہ
mass,ماس
dilasa,دلاسا
cel,سیل
jhoot,جھوٹ
dmagh,دماغ
chhor,چھور
mukhlis,مخلص
hussain,حسین
yaqeen,یقین
s,س
prat,پرت
thaka,تھکا
sath,ساتھ
zimb,زمبابوے
sube,صوبے
abundance,ابانڈانس
asit,است
dance,ڈانس
dhamakha,دھماکہ
likhun,لکھوں
pasha,پاشا
adam,آدم
bathoro,بٹھورو
nashe,نشے
trat,ترت
didaar,دیدار
poetry,پویٹری
almi,علمی
sataya,ستایا
tufaan,طوفان
naukar,نوکر
shor,شور
kuch,کچ
lagain,لگیں
inhain,انهیں
bayan,بیان
one,وني
quick,کوک
chal,چل
samsung,سامسنگ
raise,ريسي
kato,کاٹو
pari,پڑی
manee,معني
galian,گالیاں
tarafdar,طرفدار
sake,سکے
basr,بسر
azaan,اذان
khila,کھلا
sweet,سویٹ
aksar,اکثر
zara,زارا
pane,پانے
phenkte,پھینکتے
chopaal,چوپال
twenty,ٹوينٹي
bja,بجا
ghasib,غاصب
it,اٹ
czone,زون
dua,دوا
talawt,تلاوت
ne,نیہ
legal,ليگل
saat,سات
sad,ساڈ
world,ورلڈ
samajhti,سمجھتی
aar,آڑ
bhara,بھرا
mrna,مرنا
students,سٹوڈنٹس
roof,روف
mem,میم
april,اپرل
hain,هیں
bikhra,بکھرا
peyam,پیام
kindness,کنڈنيس
yaha,یهاں
walo,والو
hi,ھی
sindhi,سندھی
ankhain,آنکھیں
bhar,بهر
roti,روٹي
badnam,بدنام
help,حيلپ
yellow,ييللو
unhen,انہیں
meetingpoint,میٹنگ
mk,مک
sign,سگن
equal,يکيال
totay,طوطے
dono,دونو
nigahon,نگاہوں
truck,ٹرک
maan,مان
request,ریکویسٹ
amazing,اماذنگ
nepal,نيپال
tomorrow,ٹوموررو
jo,جو
form,فورم
pendi,پنڈی
ehataram,احترام
ikram,اکرام
live,لایوو
jagta,جاگتا
18,18
asman,آسمان
horaha,ہورہا
zoya,زویا
kesa,کیسا
hadi,ہادی
jhal,جھل
khana,کھانا
bor,بور
lot,لوٹ
heart,حيرٹ
badulatwarna,بدولت
pehchaan,پہچان
utar,اتر
parh,پڑھ
naseeb,نصیب
sheet,شیٹ
standard,سٹانڈارڈ
hamari,ہماری
achar,اچار
mystery,مسٹری
hoti,هوتی
apka,اپکا
car,کار
drink,ڈرنک
30,٣٠
jalen,جلیں
shah,شاہ
bandh,بانڈ
umar,امر
guarantor,گيارانٹر
raatain,راتیں
bahrpoor,بھرپور
rakhi,رکھی
palkain,پلکیں
riazs,ریاض
roth,روتھ
mojooda,موجودہ
kara,کرا
anarkali,انار
saath,ساٹھ
return,ريٹيرن
zarfk,ظرف
bolay,بولے
arooj,اوج
mazee,ماضي
sayanafrat,سایا
waliullah,ولی
toqeer,توقیر
muhammad,ميحامماڈ
bulwaon,بلوا
khalwat,خلوت
chand,چند
laale,لالے
b,بہی
sapna,سپنا
itminan,اطمینان
jao,جاؤ
shab,شب
array,اررے
nick,نیک
kamalia,کمالیہ
rainy,رینی
jhooly,جھولے
shewa,شیوا
ans,انس
dekh,ديکھ
sabot,ثبوت
lareb63,لاریب
quota,کوٹا
husan,حسان
khan,خان
chalte,چلتے
zabt,ضبط
hua,هوا
shakil,شکیل
dakhl,دخل
apna,اپنا
aain,آییں
cenashahzadi,سینا
ap,آپ
jaldi,جلد
teesra,تيسرا
oba,وبا
instant,انسٹانٹ
raz,راز
hansi,ہنسی
darling,ڈارلنگ
rakhta,رکھتا
aeyna1,اینا
hera,ہرا
dhal,ڈھل
jhuka,جھکا
ao,آو
ahmed,احمد
nana,نانا
insaf,انصاف
sanwal,سانول
khushbo,خوشبو
darwaza,دروازا
nishter,نشتر
janib'e'manzil,جانب
maghz,مغز
ae,آے
islamianstars,اسلامیان
akbar,اکبر
kanto,کاٹوں
morning,مورننگ
chole,کھولے
need,نيڈ
dhamaka,دھماکا
24,٢٤
hm,همنشیں
andaza,اندازہ
rain,رين
la,لا
pao,پاوں
dala,ڈالا
khali,خالی
bandgi,بندگی
bndon,بندوں
hour,حوار
w,وعلیکم
aasan,آسان
behl,بہل
august,ايگيسٹ
paka,پکا
december,ڈيسيمبير
ao,آؤ
metha,میٹھا
quran,قرآن
mazduri,مزدوری
khoya,کھویا
shi,شی
ulajh,الجھ
honey,هنی
noman,نومن
sasti,سستی
danial,دانیال
khilona,کھلونا
usama,اسامہ
unka,انکا
could,کيلڈ
kam,کام
direct,ڈاریکٹ
maang,مانگ
ufaq,افق
gunah,گناہ
ulti,الٹی
ne,نے
sham,شم
lanch,لانچ
meri,میرٹ
jinko,جنکو
dani,دانی
firaq1,فراق
hamesha,ہمیشہ
zulfain,زلفیں
pao,پاو
aspect,اسپيکٹ
sharjel,شرجیل
crowd,کروڈ
kro,کروگے
janbaz32,جانباز
dekhta,دیکھتا
soya,سویا
pher,پھیر
nimazo,نمازوں
doon,دوں
wastay,واسطے
dod,دود
rao,راؤ
fairy,فیری
poetry,پؤیٹری
tirmizi,ترمزی
khilate,کھلاتے
often,وفٹين
bacha,بچا
loose,لوسي
mila,ملا
yaro,یارو
subhan,سبحان
from,فروم
k,کے
student,سٹوڈنٹ
masroof,معروف
tarzan,ٹارزن
hobby,هوبی
attari,اتاری
lamhe,لمحے
create,کریٹ
kana,کانا
jotioon,جوتیوں
babu,بابو
bheer,بھیڑ
5,٥
boy,بوي
zuhaib,زوہیب
shan,شان
kami,کمی
smile,سمایل
apka,آپکا
wasi,واسی
sulaiman,سلیمان
khak,خاک
jeete,جیتے
lga,لگان
munasib,مناسب
sindhu,سندھو
hatheli,ہتھیلی
dalo,ڈالو
hoga,ہوگا
kitni,کتنی
dagh,داغ
enjoy,انجوائے
seet,سیتا
department,ڈیپارٹمنٹ
batla,بتلا
rawaj,رواج
paltu,پالتو
saqib,ثاقب
dila,دلا
rechilli,رچ
dubi,ڈوبی
kml3,کمل
rawani,روانی
apno,اپنوں
hamara,ہمارا
wabastgi,وابستگی
rakhta,رکهتا
kuch,کچہ
paaon,پاؤ
deepfriends,ڈیپ
type,ٹيپي
ok,وک
hon,هون
khol,کھول
lagte,لگتے
banata,بناتا
fail,فیل
pait,پیٹ
amna,آمنہ
jhank,جھانک
rest,ریسٹ
fine,فاین
meri,میر
usi,اسی
tareeki,تاریکی
taluq,تعلق
nafs,نفس
kahan,کہاں
ami,امی
kisne,کسنے
krb,کرب
toll,تولل
infaradi,انفرادی
rosh,روش
aqeel,عقیل
jahgra,جھگڑا
purpose,پيرپوسي
awake,واک
ate,اتے
chulta,چلتا
kishmish,کشمش
fida,فدا
chahat,چاہت
sogawar,سوگوار
deikhen,دیکھیں
insha,انشاللہ
um,امِ
len,لیں
badshah,بادشاہ
naach,ناچ
mosam,موسم
e,اے
marhaba,مرحبا
chalo,چلو
anokha,انوکھا
school,سکول
waheed,وحید
jan,جان
doraan,دوران
b,بی
birthday,برتھڈے
badli,بدلی
hijr,ہجر
suche,سچے
dear,ڈیر
hru,ہرو
keyo,کيوں
warid,وارد
way,وے
bolo,بولبو
bara,بڑا
sms,سمس
mamu,ماموں
mumtaz,ميمٹاذ
shurli,شرلی
last,لاسٹ
isharay,اشارے
bhejoon,بھیجوں
31,٣١
hero,حيرو
order,ورڈير
yakh,یخ
dangr,دنگ
soyen,سویاں
pehla,پہلا
sahara,سهارا
daku,ڈاکو
kral,کرل
gunahon,گناہوں
request,رقیسٹ
musalmano,مسلمانوں
kaj,کاج
thak,تھک
mama,مما
life,لفي
hamain,ھمیں
islami,اسلامی
dekho,دکھو
ameendil007,امین
malahhhhhh,ملاح
and,اند
jia,جیا
fear,فير
tmez,تمیز
behn,بھن
arsa,عرصہ
seeda,سیدھا
hathi,ہاتھی
kamyabi,کامیابی
shedai,شیدائی
khilonon,کھلونوں
jhagre,جھگڑے
gya,گیا
a,ا
faryad,فریاد
ta,تا
dost,دست
lekin,لکین
rahi,راہی
jahad,جہاد
momin,مومن
bngla,بنگلہ
market,مارکيٹ
hoti,ھوتی
khas,خاص
it,یت
sagar,ساگر
gloom,گلوم
atta,عطا
karta,کرٹ
marna,مارنا
tho,تھو
bloom,بلوم
jana,جانا
jalte,جلتے
chura,چورا
bagara,بگاڑا
khata,کھاتا
bm,بم
khona,کھونا
mansooba,منصوبه
lehaz,لحاظ
pleasure,پليسير
choti,چوٹی
roya,رویا
pila,پلا
tolia,تولیہ
ishaa,عشاء
dalay,ڈالے
enjoy,انجونے
argument,ارگيمنٹ
rahen,راہیں
suno,سنو
sardi,سردی
qurb,قرب
zmen,زمیں
boorrha,بوڑھا
inhabited,انحابٹڈ
warkatal,وارک
milti,ملتی
gunahgar,گناہگار
aram,آرام
gandi,گندی
ghari,گھڑی
baghdad,بغداد
stone,سٹوني
sikhana,سکھانا
namalom,نامعلوم
tapish,تپیش
quickly,کوکلي
altaf,الطاف
morr,موڑ
sorry,سورری
zulfon,زلفوں
hme,همیں
uthane,اٹھانے
g,گ
nikalo,نکالو
adalat,عدالت
moti,موٹی
ask,آسک
grdin,گردن
dump,ڈمپ
jismoon,جسموں
ronay,رونے
jagte,جاگتے
fahim,فاحم
khud,خد
shikayat,شکایات
aansu,آنسو
help,ہیلپ
taqdeerain,تقدیریں
farhan,فرحاں
titliyan,تتلیاں
bored,بوريڈ
sakna,سکنا
khadija,خدیجہ
hamid,حامد
hone,ہونے
kafro,کافروں
musharraf,ميشارراف
sekh,سکھ
deed,دید
hot,ھوٹ
zaib143,زیب
pyaron,پیاروں
makhn,مکھن
hina,حنا
rely,ریلی
nikli,نکلی
surat,صورت
pakistan,پاکستان
leja,لیجا
inqalaab,انقلاب
end,ينڈ
choor,چور
anmol,انمول
hazoor,حضور
dhal,ڈھال
behtaren,بہترین
bikhrne,بکھرنے
tanoli,تنولی
samjha,سمجھا
pana,پانا
baho,بہو
fozia,فوزیہ
galti,غلطی
jadon,جدوں
zaidi,زیدی
kitab,کتاب
sumaira,سمیرا
tadad,تعداد
pasa,پاسا
blank,بلانک
fake,فاکي
zindagi,زندگی
seena,سينا
ent,انت
roky,روکے
bura,برا
jagaey,جاگے
fatohat,فتوحات
reply,رپلی
karti,کاری
har,ہار
ha,ها
hasti,ہستی
fesle,فیصلے
shikayat,شکایت
baap,باپ
frank,فرانک
badla,بدلا
toti,طوطی
guna,گنا
jurwa,جروا
mangtay,مانگتے
bki,بکی
shoaib,شعیب
away,آوے
dhal,دھل
aag,آگ
khulq,خلق
raqeeb,رقیب
mong,مونگ
1700,١٧٠٠
lanti,لعنتی
kufr,کفر
faraz,فراز
nakhun,ناخن
parindon,پرندوں
teno,تنو
jungle,جنگل
pnuawan2310,پنو
chakr,چکر
murghi,مرغی
cheeta,چیتا
piaro,پیرو
april,اپریل
mujahid,مجاہد
dijia,دیجیئے
february,فيبرياري
less,ليس
chez,چيز
goldn,گولڈن
jese,جیس
ibrar,ابرار
nakhre,نخرے
mre,مرے
bhaijan,بھیجیں
dalal,دلال
waris,وارث
milne,ملنے
pyare,پیارے
blood,بلوڈ
bald,بالڈ
chorangi,چورنگی
enemy,ينيمي
baten,باتیں
jheel,جھیل
footpath,فوت
korray,کوڑے
k,ک
musafat,مسافت
pechy,پیچے
silence,سلينس
swab,ثواب
bhulaya,بھلایا
cheer,چیر
dream,ڈریم
art,ارٹ
mawaqay,مواقع
numb,نمب
harris,حاررس
ehtjaj,احتجاج
naha,نہا
lash,لاش
hockey,حوکيي
labi,لابی
farma,فرما
free,فری
gadha,گدھا
ik,اک
baith,بيٹھ
ati,آتی
parhti,پڑھتی
sathi,ساتھی
sulagte,سلگتے
jinho,جنہوں
bheje,بھیجتی
kese,کیسے
soni,سونی
zaror,ظرور
trbiat,تربیت
foot,فوٹ
funkar,فنک
karte,کرتے
sajdon,سجدوں
laga,لگا
kawa,کوا
aazmane,آزمانے
hotel,ہوٹل
heere,ہیرے
maya,مایا
biwi,بیوی
sok,سوک
qasi,قاسی
kheriyat,خیریت
baron,بڑوں
paki,پاکی
unki,انکی
gupta,گپتا
hogya,ہوگیا
wam,وام
pairon,پیروں
wali,والی
saqi,ساقی
marte,مرتا
fani,فانی
circket,کرک
zamane,زمانے
phirtay,پھرتے
abao,آباؤ
peeney,پینے
sabit,ثابت
saudi,سعودی
uski,اسکی
take,تاکے
zama,زما
pata,پتا
lath,لات
darse,درس
diwar,دیوار
maskean,مسکین
rehti,رہتی
tariko,طریقوں
hosloon,حوصلوں
bha,بھا
zubaida,زبیدہ
shart,شرت
sufyan,سفیان
noor,نور
appiel,اپیل
city,سٹی
bujhi,بجھی
yaad,یادِ
bell,بیل
habs,حبس
lamb,لامب
konsa,کونسا
guest,گیسٹ
mobile,موبایل
on,آن
fifty,ففٹي
september,سيپٹيمبير
shea,شیا
alina,علینہ
dydy,ڈیڈی
cofi,کوفی
phir,پھر
purani,پرانی
mundaø,منڈا
dngr,ڈنگر
thikana,ٹھکانہ
ahtisab,احتساب
laray,لڑے
b,بہ
peecha,پیچھا
khalid,خالد
learn,ليرن
dod,ڈوڈ
rakhtay,رکھتے
jagoo,جاگو
masroofiyat,مصروفیت
saba,صبا
lagaya,لگایا
lift,لفٹ
bach,بچ
beautiful,بييٹفيل
pakro,پکڑو
deta,ديتا
corner,کرنير
pakistanio,پاکستانیوں
mana,منا
plastic,پلاسٹک
paron,پروں
khud,خود
pocho,پوچھو
lauta,لوٹا
totka,ٹوٹکا
sindh,سنده
ziada,زیادہ
imamat,امامت
sada,صدا
q,کیوں
main,مین
continue,کونٹینو
pathron,پتھروں
karo,کرونگا
whole,ہول
smjhe,سمجھے
princes,پرنسس
lrna,لڑنا
zong,زونگ
ain,عین
rhoge,رہوگے
bhula,بھلا
milata,ملاتا
tor,توڑ
choom,چوم
aazmaty,آزماتے
orbit,وربٹ
chbi,چابی
baby,بابي
gi,گی
alone,الون
jano,جانو
admiral,اڈمرل
barishon,بارشوں
aye,آءے
aghosh,آغوش
guzara,گزارا
life,لفی
lagta,لگتا
reply,ریپلائ
jawab,جواب
mehnga,مہنگا
hote,ھوتے
bhej,بھیج
guzaarna,گزارنا
jaganay,جگانے
darasal,دراصل
tha,تها
lots,لوٹس
masi,ماسی
milta,ملتا
ahmed,احميڈ
galay,گلے
donay,دونے
mazrat,معذرت
behron,بہروں
betha,بیٹھا
smjhi,سمجھی
hatne,ہٹنے
balti,بالٹی
muskrany,مسکرانے
ha,ہ
bagair,بغیر
smartpoetry,مارٹ
peda,پیدا
hot,هوٹ
rok,روک
sharkit,شرکت
khainchta,کھینچی
maqsood,مقصود
na,ناسمجھ
rukh,رخ
taaj,تاج
khaerat,خیرات
ma,ما
enter,ينٹر
khush,خوش
mujhe,مجھے
nibhane,نبھانے
guzrifaraz,گزری
umeedein,امیدیں
yadon,یادوں
krne,کرنے
rukay,رکے
bachna,بچنا
bheegi,بھیگی
sare,سرے
bachiyan,بچیاں
artificial,ارٹفکال
khane,کھانے
khilonay,کھلونے
afsorda,افسردہ
mar,مار
baton,باتوں
engrz,انگریز
parha,پڑھا
aaloo,آلو
babloo,ببلو
nehayet,نہایت
fahad,فاحاڈ
khr,خر
kafi,کافی
gira,گرا
hello,ہاللو
darood,درود
nasoorjazb,ناسور
afsos,افسوس
or,ور
khel,کھيل
di,دی
ror,رور
kamran,کامران
here,ہیر
jisay,جسے
agha,آغا
laj,لاج
sory,سوری
girne,گرنے
shahzada,شہزادہ
jhom,جھوم
zong,ذونگ
jazbati,جذباتی
likh,لکھ
hai,حے
poem,پويم
aouni,اونی
dheere,دھیرے
gharibon,غریبوں
kiam,قیام
areyan,آریان
jaye,جاے
thi,تھی
ghar,گهڑ
bread,بريڈ
shut,شٹ
arz,عرض
andr,اندھر
kashti,کشتی
zahra,زہرا
tumhe,تمہیں
aisay,ایسے
joke,جوک
thori,تھوڑ
strong,سٹرونگ
shahi,شاہی
welcome,ویلکیم
halat,حالت
sochne,سوچنے
ascension,اسسينسون
aazma,آزما
hkomt,حکومت
sochti,سوچتی
wait,ویٹ
thanks,تھنکس
shrk,شرک
un,وں
shak,شک
city,سٹي
to,ٹو
hont,ہونٹ
grd,گرد
tips,ٹپس
kalmat,کلمات
q,کیں
rona,رونا
flmn,فلمیں
juice,جوس
takleef,تکلیف
lain,ليں
bolna,بولنا
biknay,بکنے
nicotinesms,نکوٹین
pehli,پہلی
walid,والد
khabron,خبروں
rang,رنگ
omar,ومار
freedom,فريڈوم
ajnabi,اجنبی
karwata,کرواتا
seri0us,سیریس
tabdeeliyan,تبدیلیاں
izat,عزت
hawa,حوا
rakha,رکھا
mastung,مستونگ
ignorant,گنورانٹ
clas,کلاس
property,پروپيرٹي
dubai,دبی
aunt,آنٹ
base,باسي
hi,هی
seerat,سیرت
idot,ادو
hote,ہوتے
kabab's,کباب
griftar,گرفتار
dance,دانس
chlaon,چلاؤں
dstoor,دستور
mena£=siom£,مینا
desh,دیش
frwrd,فورڈ
rich,راچ
bithao,بٹھاو
yummi,یومی
breaker,بریکر
shoe,شوي
phat,پھٹ
qadir,قاد
iftakhar,افتخار
jinnah,جنناح
jama,جما
mohal,محال
sleep,سليپ
bingoo,بنگو
tournament,ٹورنامنٹ
mano,مانو
rngin,رنگین
bangali,بنگالی
rupy,روپے
rasta,راستہ
hun,هوں
dosti,دوستی
hello,ہیلو
maha,مہا
majburam,مجبورا
under,انڈير
sath,ساته
reply,ریپلائی
kehna,کہنا
aasmani,آسمانی
panah,پناہ
hansna,ہنسنا
khat,خط
tez,تيز
fat,فات
rohi,روہی
boryat,بوریت
nida,ندا
sochna,سوچنا
makhi,مکھی
kazmi,کاظمی
maza,مزا
ihsasat,احساسات
wts,وٹس
barh,بڑھ
haji,حاجی
motu,موٹو
acquire,اککور
head,حيڈ
purely,پيريلي
reed,ریڈ
janwar,جانور
warsa,وارسا
thay,تھے
head,ہیڈ
honton,ہونٹوں
chuke,چکے
sege,سگے
asadullah,اسدولاه
karbala,کربلا
shafqat,شفقت
all,آل
hojata,ہوجاتا
udasi,اداسی
jaam,جام
faizan,فیضان
11,11
ansariboys,انصاری
anjo,انجو
lungagirl,لونگا
darbanaisey,دربان
baano,بانو
wah,واہ
maghfrat,مغفرت
apnanay,اپنانے
charcha,چرچا
ehsas,احساس
afghan,افغان
nap,ناپ
bhai,بھأي
ink,انک
mehroomi,محرومی
thore,تھوڑے
wasim,وسیم
lafz,لفظ
jalanay,جلانے
iraaqi,عراقی
mushkil,مشکل
sam,سام
deka,دیکها
okkashan,کاشان
user,صارف
blky,بلکه
tarazo,ترازو
bikhre,بکھرے
coca,کسا
kahey,کاہے
kuch,وچ
hi,ہاۓ
saja,سجا
afzal,افضل
underneath,انڈيرنيتھ
rabta,رابطہ
dukh,دکھ
mohammad,موحامماڈ
qureshi,قریشی
iskool,اسکول
mood,موڈ
meri,ميری
zuban,زبان
zaleel,ذلیل
honey,ھنی
band,بند
razi4u,رازی
nice,نایس
film,فلم
marikese,ماری
code,کوڈ
sakhti,سختی
nal,نال
bhai,بھائی
tktey,تکتے
reply,ریپلاۓ
jese,جیسے
bi,بای
sacha,سچا
kaanch,کانچ
5,۵
qatil,قاتل
zowq,زوق
snga,سنگا
assalam,اسلام
samaa,سما
angan,آنگن
fuzail,فضیل
aamir,آمر
real,ریل
cool,کول
story,سٹوري
roti,روٹی
laitay,ليتے
gift,گفٹ
ki,کی
roz,روز
to,تؤ
chaha,چاہا
dosri,دوسری
raha,رہا
zra,ذرا
lana,لانا
keeta,کیتا
rastay,راستے
gujranwala,گجرانوالہ
2,2
fresh,فريش
ghante,گھنٹے
janti,جانتی
romaan,رومان
sitare,ستارے
shahzad,شہزاد
bnai,بنای
pairwi,پیروی
sajaya,سجایا
programmer,پروگرامر
cheezen,چیزیں
mohammed,موحامميڈ
tag,ٹاگ
paise,پیسے
awazen,آوازیں
pak,پاک
ofer,آفر
charhao,چڑھاؤ
army,آرمی
appeal,اپپيل
krwao,کرواؤں
chay,چاۓ
masoomiyat,معصومیت
barha,بڑھا
le,لے
hamesha,ہمیش
doori,دوری
dushman,دشمن
chain,چین
ab,ابتو
ho,ھو
taraf,تعرف
i,ای
chahye,چاہی
smjhdar,سمجھدار
person,پيرسون
aqal,عقل
btao,بتاؤ
hoja,ہوجا
is,اسس
mghrb,مغرب
200,٢٠٠
zer,زیر
khoob,خوب
hamare,ہمارے
whats,واٹس
khoshi,ہوشی
sarmaya'e,سرمایا
achi,اچھی
shet,شيٹ
chat,چاٹ
umeed,امید
londy,لوند
junoon,جنوں
barasti,برستی
afrad,افراد
rukhi,رخی
mani,منی
alag,الگ
fazeelat,فضیلت
iccr,اکڑ
planet,پلانيٹ
tha,تھا
rokyn,روکیں
khudkushi,خودکشی
player,پلايير
fish,فش
basta,بستا
yani,یعنی
bhok,بھوک
iraq,عراق
raftaar,رفتار
andheron,اندھیروں
prho,پڑو
pore,پورے
trust,ٹرسٹ
haqeer,حقیر
taraadub,تارا
humain,ہمیں
siraj,سراج
sherwani,شیرو
araha,آرہا
chuki,چکی
sentence,سینٹینس
singh,سنگھ
dihaaray,دہاڑے
jera,جرا
lutai,لٹا
adakaar,اداکار
paint,پینٹ
tabiyat,طبیعت
teri,تیری
sajday,سجدے
set,سیٹ
apas,اپس
ishaara,اشاره
meri,مری
naye,نیے
bas,باس
ans,آنسر
arsalan,ارسلان
shrafat,شرافت
banti,بنتی
bharta,بھرتا
alcohol,الکوحلٹارزن
main,ميں
lene,لینے
mad,ماڈ
juma,جمعہ
aadaab,آداب
after,افٹر
koyal,کویل
khandan,خاندان
jork,جوڑ
pinjray,پنجرے
bithana3,بٹھانا
shahadat,شہادت
shakoor,شکور
rasmi,رسمی
keen,کين
tere,تیرے
rehman,رحمان
hota,ہوتا
zainab,زینب
arbaz20,ارباز
kpeeta,پیتا
tujhe,تجھے
hazir,حاضر
hydrabad,حیدر
qandeel,قندیل
alhamdolillah,الحمد
manane,منانے
ungliyon,انگلیوں
iccr,اکر
20,٢٠
rehna,رہنا
badaam,بادام
galia,گلیاں
programmer,پروگراممير
want,وانٹ
half,هاف
thin,تھیں
burn,بيرن
iqbal,اقبال
door,ڈور
bathroom,باته
bro,بروڈر
lrkion,لڑکیوں
bakhair,بخیر
sardaron,سرداروں
gul,گيل
logon,لوگوں
like,لکي
bnao,بناؤ
got,گوٹ
sona,سوں
azab,عذاب
arshad,ارشد
my,مي
deen,دین
mazar,مزار
phar,پھاڑ
chahne,چاہنے
two,ٹوو
2,٢
hoor,حور
ghareeb,غریب
badlay,بدلے
awam,عوام
rehmana,رحمانہ
abu,ابو
tenu,تنوع
aasi,آسی
qbren,قبریں
simt,سمت
bolo,بولو
stdy,سٹڈی
likhna,لکھنا
badalti,بدلتی
parhna,پڑھنا
doob,ڈوب
khatarnak,خطرناک
great,گريٹ
smj,سمجھ
toheen,توہین
3,٣
talabilm,طالبعلم
shuk,شق
11pmparya,۱۱
dba,دبا
hun,ہوں
afridi,آفریدی
basen,بسیں
card,کارڈ
alina,علینا
sachi,سچی
jesi,جیسی
america,امریکہ
neeli302,نیلی
nawab,نواب
chup,چپ
help,هیلپ
dasht,دشت
q,کیونکہ
gardi,گردی
sada,سدا
dafa,دفا
glow,گلو
aao,آؤں
krdi,کردی
larkian,لڑکیاں
dushmane,دشمنی
old,ولڈ
job,جوب
send,سینڈ
flag,فلاگ
250,٢٥٠
chot,چوٹ
nasir,ناصر
preet,پریت
dhoka,دھوکا
tol,تول
maiz,ميز
hota,ھوتا
philosopher,پحلوسوپحير
shia,شیاء
nidhal,نڈھال
eye,ييي
good,گووڈ
jouni,جونی
zardari,زرداری
kashmakash,کشمکش
alcohol,الکوہو
hain,ہیں
just,جسٹ
laden,لادن
mukhatib,مخاطب
karke,کرکے
road,روڈ
khula,خلا
ilawa,علاوہ
log,لوگ
khof,خوف
jagaya,جگایا
bar,بار
mani,مانی
darje,درجے
kamyaab,کامياب
jalil10,جلیل
ujaly,اجالے
khaansi,کھانسی
ghar,گھر
lari,لڑی
membr,میمبر
kehte,کہتے
mittay,مٹتے
parta,پڑتا
sunan,سنان
umeedon,امیدوں
siwa,سوا
cheetiye,چیتے
spurd,سپرد
dost,دوست
hahaha,ہاہاہا
kesi,کیسی
mahajir,مہاجر
kimat,قیمت
kotesri,تیسری
majid,ماجد
follow,فوللو
kaman,کمان
mansoobtum,منسوب
jan,جانِ
haseeb,حسیب
mithasjab,مٹھاس
selab,سیلاب
kheilta,کھیلتا
wasta,واسطہ
balochi,بلوچی
ajab,عجب
chali,چلی
halchal,ہلچل
15,١٥
jeeta,جیتا
pukhto,پختو
adhoraø¤!œ£ent,ادھورا
daily,ڈیلی
khwahish,خواہش
dada,دادا
kon,کون
nami,نمی
doing,ڈوینگ
mahiyarab,ماہیا
sana,ثنا
moj,موج
bnaya,بنایا
hyat,حیات
tujh,تجھ
limu,لیموں
islamic,اسلامیک
trip,ٹرپ
khamoshi,خاموشی
dehe,دہی
mobile,موبلے
truth,تروته
mulaqat,ملاقات
wafat,وفات
phelata,پھیلاتا
tha,تہ
ajmalmmdaslam,اجمل
bhai,بھائ
sawera,سویرا
slap,سلاپ
october,کٹوبير
mitana,مٹانا
god,گوڈ
ubharnay,ابھرنے
your,یوٹ
prince,پرنس
re,رے
multitecsawariya,ملٹی
sonu,سونو
jazzy,جاز
baha,بها
milawt,ملاوٹ
tang,تنگ
khushiyon,خوشیوں
de,ڈے
khatre,خطرے
jlne,جلنے
btain,بٹے
lo,لو
gain,گیں
kal,کال
mili,ملی
zana,زنا
talkshalk,ٹالک
apko,آپکو
jokes,جوکس
takht,تخت
scren,سکرین
500,٥٠٠
net,نيٹ
niazi011,نیازی
jani,جانی
assembly,اسيمبلي
bethy,بیٹھی
che,چی
pocha,پوچھا
ap,اپ
roshan,روشن
brain,برين
skip,سکپ
jeena,جینا
jaldi,جلدی
khel,کھیل
also,آلسو
honor,حونور
wehshat,وحشت
dosaro,دوسروں
raw,راو
zalim,ظالم
june,جيني
sabr,صابر
iqra,اقرا
stringzoye,سٹرنگز
sadqay,صدقے
raseli,رسیلی
mana,مانا
puranay,پرانے
chemistryblogsadaf,کیمسٹری
paish,پیش
bulding,بلڈنگ
plastic,پﻻسٹک
momineen,مومنین
rent,رينٹ
dosto,دوستوں
parhta,پڑھتا
sami,سامی
faisla,فیصلہ
mante,مانتے
krdgi,کردگی
honge,ہونگے
behta,بہتا
tota,طوطا
bhayia,بھیا
adhoori,ادھوری
larazte,لرزتے
badal,بادل
kharab,خراب
younis,یونس
bhai,بهائی
go,گو
raah,راہ
mishaaao,میشا
bahane,بہانے
agni,اگنی
rahe,رهے
sharmaya,شرمایا
zahen,ذہین
yes,ييس
ajheeran,اجیرن
kalo,کالو
piti,پیٹی
kiun,کیوںکہ
lagatar,لگاتار
non,نون
swim,سوم
mnahil,مناہل
jaogi,جوگی
haleem,حلیم
mazboot,مضبوط
banda,بندا
fast,فاسٹ
silk,سلک
samne,سامنے
suroor,سرور
rubbish,ريببش
allah,الله
taulo,تالو
masla,مثلا
prety,پریتی
panda,پانڈا
patloon,پتلون
faslegul,فصل
doobnay,ڈوبنے
stall,سٹال
copy,کپي
bahao,بہاو
thamay,تھامے
pity,پٹي
konse,کونسے
likhne,لکھنے
warq,ورق
jain,جین
charsiokoi,چارسو
rashiid,راشد
rep,ریپ
stop,سٹوپ
likhti,لکھتی
rabia,رابعہ
daryauon,دریاؤں
saza,سزا
aziz,عزیز
jasmin,جاسم
han,هاں
krni,کرنی
17,١٧
start,سٹارٹ
stupid,سٹوپڈ
lunch,لنچ
wahab,وہاب
hafeez,حفیظ
isa,اسا
kabhokatha,بھوکا
tyre,ٹير
chiknikuriraja,چکنی
zindagane,زندگانی
pora,پورا
trunk,ٹرينک
snkk,سنک
idea,ادیا
nazish,نازش
rajput,راجپوت
hahaha,ھا
ye,ي
minhas,منہاس
prince,پریس
imprisonment,مپرسونمنٹ
intro,انٹروڈکشن
kaat,کاٹ
maseeha,مسیحا
japan,جاپان
mard,مرد
saba,سبا
insha,انشا
warn,وارن
rehte,رہتے
nibhaya,نبھایا
girl,گرل
brwe,بروے
galtiob,غلطیوں
alcoholnahi,الکوحل
dair,دير
shariyat,شریعت
akhund,اخوند
bimaari,بیماری
ankhon,آنکھوں
mehshar,محشر
parwah,پرواہ
itwaar,اتوار
chahon,چاہوں
israr,اسرار
pidda,پیڈ
minimum,منميم
poch,پوچھ
ura,اڑا
code,کود
krwa,کروا
aja,آجا
apne,اپنے
dooba,ڈوبا
lagana,لگانا
maand,ماند
sending,سینڈنگ
mah,ماہ
karega,کریگا
paate,پاتے
chalak,چالاک
malal,ملال
dear,دیر
deewaaron,دیواروں
muslmanu,مسلمانو
anaa,انا
future,فيٹير
seekha,سیکھا
logo,لوگو
i,اای
ramgar,رام
tarapta,تڑپتا
ajkal,آجکل
krana,کرانا
anoushey,انوشے
sundr,سندر
nazuk,نازک
aunti,آنٹی
karta,کرتا
keechar,کیچڑ
kachra,کچرا
khudaya,خدایا
ajdaad,اجداد
b,ب
shami,شامی
behosh,بیہوش
sada,سادہ
boli,بولی
charha,چڑھا
chachey,چاہیں
sken,سکیں
ga,گا
farsh,فرش
da,د
knot,کنوٹ
aisa,ایسا
nine,ناین
nikla,نکلا
internet,انٹرنیٹ
lo,لوںگا
pillow,پللو
zaheer,ظہیر
toton,طوطوں
yaaden,یادیں
hans,هنس
step,سٹيپ
walon,والوں
lashen,لاشیں
apni,اپنی
wale,والے
sach,سچ
tareen,ترین
bachi,بچی
aus,اوس
mushhoor,مشہور
innocent,اننکينٹ
tukra,ٹکرا
this,تہس
harsh,حارش
mirza,مرزا
rukhsana,رخسانہ
sham,ہام
hoti,ہوت
ameer,امےر
lo,لؤ
nam,نام
inaam,انعام
sangakara,سنگاکارا
lrai,لڑائی
bheeg,بھیگ
likhte,لکھتے
hatthon,ہاتوں
poni,پونڈ
gzrega,گزرے
tao,تاو
kscnumaz,کسک
perwaaz,پرواز
tpkta,ٹپکتا
api,آپی
hain,ھیں
rahi,رہی
phook,پھونک
inhi,انہی
batsman,بٹس
chuka,چکا
raqs,رقص
tor,طور
wazaht,وضاحت
kitna,کتنا
held,ھیلڈ
dehekte,دہکتے
itna,تنا
farmaya,فرمایا
poetry,پؤيٹری
bharosay,بھروسے
rasool,رسول
musalman,مسلمان
send,سنڈ
zama,ذمانا
ghami,غمی
mastana,مستانہ
andar,اندر
malool,ملول
zabr,زبر
kor,کور
sha,شا
sunsan,سنسان
dekha,دیکھا
kahe,کہے
baad,باد
rose,روسے
haaro,ہارو
faisal,فيصل
pari,پری
rana,رانا
qareeb,قریب
chwal,چول
namazi,نمازی
b,بهی
pas,پاس
khilti,کھلتی
oka,وکا
pochi,پوچھی
bhulana,بھولنا
dolly,ڈولی
best,بیسٹ
sheri55,شیری
google,گوگل
atraaf,اطراف
koney,کونے
softchat,سوفٹ
talian,تالیاں
munafqat,منافقت
bahadur,بهادر
mast,مست
tabeeb,طبیب
is,اس
ajeeb,عجیب
news,نيوز
lake,لاکي
soomro,سومورو
saad,سعد
karo,کارو
buzdar£(taunsa£,بزدار
saaz,ساز
aakar,آکر
fareedi,فریدی
hello,حےلو
qasi,قصی
aurton,عورتوں
letter,ليٹٹر
aj,آج
aakhri,آخری
unko,انکو
koshish,کوشش
raja,راجا
hath,ہاتھ
wasi,وصی
cheez,چیز
sumaya,سمایا
warq,ورقہ
guest,گيسٹ
ikhtiyarat,اختیارات
shokh,شوخ
lal,لعل
muth,متھ
nibhatay,نبھاتے
100,١٠٠
loha,لوها
wajood,وجود
ponch,پونچھ
4,٤
darkeyes,ڈارک
aftab,آفتاب
yes,ییس
zoq,ذوق
balon,بالوں
hajat,حاجت
parasti,پرستی
reply,ریپلے
bhagna,بھاگنا
seeru,سیرو
zubair,زبیر
this,تھس
qurban,قربان
jala,جلا
qyamat,قیامت
dreamzz,ڈریمز
titli,تتلی
muskarahat,مسکراہٹ
rakhni,رکھنی
bharosa,بھروسہ
doobti,ڈوبتی
rahin,رہیں
nabi,نبی
rafaqat,رفاقت
request,ریکو
raftagan,رفتگاں
dharka,دھڑکا
jana,جاناں
bombom,بوم
shop,شوپ
hakdar,حقدار
diwana,دیوانہ
ali,علی
nishani,نشانی
qualified,کوالفيڈ
bech,بیچ
raho,رہو
fawad,فواد
adha,آدھا
khaam,خام
razi,رضی
tootne,ٹوٹنے
taqdeer,تقدیر
mizaj,مزاج
korey,کورے
mehr,مہر
ibadat,عبادت
kashmiri,کشم
welcome,ويلکم
ungli,انگلی
junaid12,جنید
taron,تاروں
tark,ترک
arty,آرٹی
tumhen,تمھیں
ate,آتے
jaga,جگا
bar,باربار
bekhudi,خودی
ache,اچھے
ameen,امين
hon,ہون
marzi,مرضی
z,زپر
paya,پایا
ghr,گهر
kaliyoo,کلیوں
part,پارٹ
year,یير
infidelity,انفڈيلٹي
khurmi,خرمی
moon,مون
hotgirl302,ہوٹ
masrof,مصروف
al,الحمدلللہ
admi,آدمی
thi,تھ
concrete,کونکريٹي
daman,دامن
taraash,تراش
bad,بعد
test,ٹیسٹ
niswar,نسوار
aa,آ
chehre,چہرے
barbad,برباد
janane,جاننے
dog,ڈوگ
chirag,چراغ
yahya,يحيا
kharch,خرچ
pahar,پہاڑ
sadi,سادی
itafaq,اتفاق
namos,ناموس
dunya,دنیا
alcohol,کوھول
uthna,اٹھنا
rabi,ابیع
da,دا
perho,پرہو
aggregate,اگگريگيٹ
chkron,چکروں
cast,کاسٹ
mazor,معذور
manaya,منایا
hmmmmm,ہمم
nagwar,ناگوار
chahiye,چاہیئے
pain,پين
ally,اللي
manata,مناتا
hun,ھوںج
actor,اکٹر
andheray,اندھیرے
mujay,مجے
khafa,خفا
tenu,تینوں
talkh,تلخ
deep,دیپ
able,ابل
bikta,بکتا
aadatein,عادتیں
rooms,رومز
lakh,لاکھ
football,فٹبال
juharabad,جوہر
pina,پینا
tukron,ٹکڑوں
sarika,سارک
unlmitd,لمیٹڈ
j,جار
metr,میٹر
tell,ٹیل
dhamakay,دھماکے
kalpana,کلپنا
qaboo,قابو
azeem,عظیم
hussain,حسسیں
aana,آنا
khubsurat,خوبصورت
dari,داری
dekh,دیکھ
khon,خوں
truck,ٹرکک
rehne,رهنے
ghussay,گھسے
hanste,ہنستے
samajhta,سمجھتا
breakfast,بريکفاسٹ
shama,شمع
ayesha,ایشا
tina,ٹینا
sang,سنگ
kren,کریں
koni,کونی
sheikh,شیخ
mazay,مزے
lgani,لگانی
ntasha,نتاشا
baanhon,باہوں
okay,وکے
lekin,لیکن
silamat,سلا
friend,فرينڈ
buri,باری
t,ٹی
mayaar,معیار
rafzi,رافضی
gehray,گہرے
nakami,ناکامی
ninety,ننيٹي
beth,بیٹھ
kijye,کیجیئے
do,ڈون
laya,لایا
yap,یاپ
influence,انفليينس
amna,امنہ
wahin,وہیں
zaida,زیدہ
sota,سوتا
haasa,ہاسا
itni,اتنی
steel,سٹيل
mubtala,مبتلا
guzrta,گزرتا
lakiron,لکیروں
nashta,ناشتا
gado,گدو
jurm,جرم
sakht,سخت
agaya,آگیا
frm,فرم
mung,منگ
sialkot,سیالکوٹ
diye,دیے
kason,کسوں
need,نید
kitne,کتنے
saka,سکا
paki,پکی
manzor,منظور
za,زا
do,دوؤ
deobandi,دیوبند
bolty,بولتے
dhoka,دھوکہ
bolta,بوتا
forty,فورٹي
jhukna,جھکنا
masoma,معصومہ
dhala,ڈھلا
landa,لان
during,دورنگ
anwar,انور
tahreeren,تحریریں
joint,جونٹ
baaqee,باقي
thandak,ٹھنڈک
muskratay,مسکراتے
teacher,ٹیچر
lend,لينڈ
group,گروپ
pioneer,پانیر
yahi,یہی
krwani,کروانی
chandni,چاندنی
ston,ستو
khari,کھڑی
sho,شوٹ
anjan,انجان
its,اٹس
15,۱۵
lambay,لمبے
score,سکور
jawad,جواد
hosla,حوصلہ
asma,اسما
utho,اٹھو
chay,چائے
geela,گیلا
tumhari,تمہاری
aadi,عادی
3,3
ghata,گھٹا
numbr,نومبر
hell,حيل
gstones,ستون
shesha,شیشہ
aj,اج
tootay,ٹوٹے
kisi,کسی
akash,آکاش
mujh,مجھ
sara,سرا
bangladesh,بنگلادیش
ulatne,الٹنے
sans,سانس
dilon,دلوں
killing,کللنگ
hard,حارڈ
buri,بری
roni,رونی
rehan,ریحان
chalnay,چلنے
topic,ٹوپک
think,تھنک
patri,پٹری
hojao,ہوجاؤ
jism,جسم
tu,تونے
angotha,انگوٹھا
honey,حونيي
law,لاو
zahid,زاہد
sunta,سنتا
h,ہپ
bhatkay,بھٹکے
gaar,گار
skm,سکم
sehra,صحرا
shortcut3,شورٹ
line,لاین
jahan,جهان
ghum,گھوم
umad,امڈ
bula,بلا
mahi,ماہی
mehrban,مہربان
bhool,بھول
dena,دینا
baraakss,برعکس
palkon,پلکوں
ye,یے
danish,دانش
labon,لبوں
waqiye,واقعے
sahb,صاحب
adad,عدد
tumen,تمیں
jaon,جاوں
qom,قوم
uske,اسکے
ameen,آمین
sanwarti,سنوارتی
jalti,جلتی
gherat,غیرت
maheroozwaalaikum,مہروز
namaz,نماز
nazi,نازی
power,پووڑ
ablees,ابلیس
both,بوتھ
saal,سال
mana,ماننا
phal,پھل
intzar,انتظار
hisar,حصار
khareed,خرید
bne,بنے
bnda,بندہ
pachaas,پچاس
sabun,صابن
blacker,بلاکر
saani,ثانی
nom,نوم
ibraheem,ابراہیم
jazbe,جذبے
kharida,خریدا
pyara,پیارا
new,نيو
ungliyan,انگلیاں
marizo,مریضوں
bhai,بهائ
ahmad,احماڈ
11,١١
train,ٹرین
masti,مستی
sajid,ساجد
chali,حالی
dakhil,داخل
heran,حیران
wada,وداع
nikal,نکال
mout,موت
guilt,گولٹ
soti,سوتی
khawaja,خواجہ
beet,بيت
branch,برانچ
u,امبر
ka,کا
alweda,الوداع
afaq,آفاق
english,ينگلش
cherry,چ
mdl,مڈل
nashta,ناشتہ
sari,ساری
kare,کرے
dekhni,دیکھنی
zbrdast,زبردست
ya,یا
larka,لڑکا
paper,پاپير
farooq,فاروک
lakeer,لکیر
hijab,حجاب
ja,جا
nu,نوں
maria,ماریا
160,١٦٠
shaheed,شہید
smjhne,سمجھنے
karwa,کڑوا
choha,چوہا
police,پولیس
dosh,دوش
kamra,کمرا
nafees,نفیس
lahore,لاهور
naina,نینا
zarqaw1y,زرقا
kanjosi,کنجوسی
ifrah,افرا
pooron,پوروں
uncle,انکل
egg,يگگ
masomen14labikyahussainkisi,معصومین
haerani,حیرانی
rop,روپ
yasir,یاسر
masha,ماشاء
lagti,لگتی
taskeen,تسکین
mobirock,موبی
chilaya,چلایا
chaho,چاہو
latikehti,لاتی
rag,راگ
agaz,آغاز
barson,برسوں
paroo1me,پارو
anjane,انجانے
attend,اتینڈ
phoncha,پہونچا
bees,بيس
naraz,ناراض
idhr,ادھر
naya,نیا
qabool,قبول
zya,زیا
rukn,رکن
student,سٹيڈينٹ
bta,بتا
khatir,خاطر
ghalib,غالب
chwkidar,چوکیدار
bhoolta,بھولتا
salam,سلام
kuch,کچھ
try,ٹري
pakron,پکڑوں
kya,کیاکیا
hua,ہوا
jahan,جہاں
socha,سوچا
hue,ہوے
naaz,ناز
contribute,کونٹربيٹي
dalta,ڈالتا
ainda,آیندہ
house,حويوز
darti,ڈرتی
manate,مناتے
jung,جنگ
tehqeeq,تحقیق
blasts!m,بلاسٹ
deewangi,دیوانگی
sportsman,سپورٹس
auqaat,اوقات
yhi,یهی
aitraaz,اعتراض
bio,بیولوجی
hath,هاتھ
taqseem,تقسیم
zr,ذ
te,تے
khul,کھل
do,دو
koocha,کوکہا
jinne,جننے
hasda,حسدا
sehtmand,صحت
ab,اب
thori,تھوڑی
apke,آپکے
qeemty,قیمتی
bheje,بھیجے
krti,کری
socho,سوچو
nadia,نادیہ
link,لنک
zakhamon,زخموں
nadir,نادر
fraud,فرايڈ
principal,پرنسپال
hrgiz,ہرگز
poche,پوچھیں
k,کہ
marwa,ماروی
asad,اسد
chahta,چاہتا
dilo,دلو
maiti,میٹ
ghaza,غذا
barsaat,برسات
ujaalah,اجالا
peer,پیر
bakri,بکری
haspatal,ہسپتال
hukmranoon,حکمرانوں
tooth,ٹوتھ
niala,نیلا
seeen,سین
rehna,رهنا
sakta,سکتا
inkar,انکار
bakra,بکرا
pa,پا
shoq,شوق
chuti,چوتھی
chahe,چاہے
line;mera,لین
nd,ند
hans,ہنس
ro,رو
ghareeb,غريب
lye,لیے
hakim,حاکم
shumar,شمار
frankly,فرانکلی
ane,آنے
fiaz,فیاض
andleeb143,عندلیب
papy,پاپے
pake,پکے
ralf,رالف
zuban,زباں
sedhi,سیدھی
uthi,اٹھی
me,می
interinfo,انٹر
galan,گلاں
ma,م
ridr,ردر
kr,کر
ankh,آنکھ
hata,ہٹا
ibn,ابنِ
ghazee,غازی
hussaini,حسینی
marne,مرنے
jagti,جاگتی
moti,موتی
dukhe,دکھے
khumar,خمار
shaki,شاکی
mohamed,موحاميڈ
gham,غم
kan,کان
junhi,جونہی
kashi,کاشی
rabipagl,ربی
nazren,نظریں
itne,اتنے
aadhe,آدھے
wafa,وفا
tareef,تعریف
khwab,خواب
ul,ال
bkwas,بکواس
hotay,هوتے
dharti,دھرتی
khanda,خاندا
hostel,ہوسٹل
arsay,عرصے
likha,لکھا
nasir,ناسر
halako,ہلاکو
ladli,لاڈلی
alien,الين
am,ام
bargah,بارگاہ
sanwar,سنوار
juda,جدا
yar,یار
rahe,رہے
deti,دیتی
sabzi,سبزی
rocking,روکنگ
aaka,اکا
kafir,کافر
lion,لون
1,١
ate,اتی
chamakta,چمکتا
pagal,پاگل
lamba,لمبا
khonay,کھونے
qasid,قاصد
smjhy,سمجهے
bemar,بیمار
jeet,جیت
hal,حال
bht,بهت
news,نیوز
welcome,ویلکوم
price,پرس
guzarne,گزرنے
khoon,خون
aas,ااس
wesy,ویسی
hmara,ہمار
roay,روے
share,شر
web,ویب
rawan,رواں
ti,تی
fehmi,فہمی
arm,آرم
nikalay,نکالے
bs,بسے
read,ريڈ
khushi,خوشی
intent,انٹينٹ
shazi,شازی
gulab,غلاب
mangna,مانگنا
dhoya,دھویا
sajna,سجنا
cost,کسٹ
1hour,ہور
aage,آگے
filhal,الحال
ali,علی(علیہ
70,٧٠
quran,قران
great,گریٹ
al,الجهاد
banao,بناوں
ali,الی
jate,جاتے
smart,سمارٹ
unho,انهوں
parhay,پڑھے
dimpledollhania,ڈمپل
faan,فان
bhai,بهاءی
fizaon,فضاؤں
photo,پحوٹو
shio,شیو
parho,پڑھو
namazen,نمازیں
ruka,روکا
qarz,قرض
ijtama,اجتماع
bnatay,بناتے
talwar,تلوار
barrhnay,بڑھنے
chandni,چاندی
inward,انوارڈ
sochte,سوچتے
baray,بارے
pehra,پہرا
arab,عرب
marte,مرتے
p,پي
koshish,کوش
ha,حا
khata,خطا
shair,شیر
dho,دھو
skin,سکن
utri,اتری
alaikum,علیکم
hello,ہیللو
kuch,کچه
syast,سیاست
chale,چلے
disaster,ڈساسٹر
muft,مفت
mic,میک
kamray,کمرے
akela,اکیلا
machane,مچانے
adha,آدھ
dhonda,ہونڈا
lang,لانگ
bardigat,بارڈی
ibteda,ابتدا
gahra,گہرا
nikalta,نکلتا
razi,راضی
hunain,حنین
akhrat,آخرت
hoti,ہوتی
jao,جاو
premnagar,پریم
re,ریا
hadees,حدیث
sone,سونے
kharish,خارش
z,زید
nikah,نکاح
lafzon,لفظوں
shola,شولا
salfi,سلفی
ada,ادا
quantity,کوانٹٹي
kai,کای
nooriparihi,نوری
discard,ڈسسارڈ
li,لی
rahimyarkhan,رحیم
loon,لوں
ghuroob,غروب
chakwal,چکوال
hat,هاتہ
hadon,حدوں
glasses,گلسسسس
rishton,رشتوں
pehl,پہل
parhatey,پڑھاتے
ult,الٹ
urraati,اڑاتی
chal,چال
qaid,قید
gharibai,غریبی
zia,ضیا
mai,میاں
ro0mio,رومیوں
piyas,پیاس
khailne,کھیلنے
guy,گيي
kron,کروں
soomro,سومرو
cofethanks,کوفے
park,پارک
anjam,انجام
jiska,جسکا
hone,ھونے
loha,لوہا
hi,ہائی
qoul,قول
andhera,اندھیرا
jameelin,جمیل
also,السو
hena,ہنا
badalne,بدلنے
bujhe,بجھے
bna,بنا
bhai,بح
†ansuon,آنسوں
funkar,فنکار
aswad3stars,اسود
gujratimunde,گجراتی
you,يو
mirror,مررور
aarzo,آرزو
taar,تار
mumtaz,ممتاز
building,بولڈنگ
prea,پریہ
wearani,ویرانی
umair,يمير
pyar,پیار
pishab,پیشاب
howe,ہووے
language,لانگياج
pathan,پٹھان
dukhon,دکھوں
lage,لگے
nadim,نادم
pre,پرے
qehqahey,قہقہے
gali,گلی
lovly,لولی
dilaya,دلایا
husband,حسبند
heera,ہیرا
baqi,باقی
gulab,گلاب
qurani,قرآنی
mastergee,ماسٹر
dharakta,دھڑکتا
jagne,جاگنے
shanon,شانوں
laadlaa,لاڈلا
afsaraan,افسران
sandooq,صندوق
lekin,ليکن
irada,ارادہ
btany,بتانے
dedo,دیدو
w,وسلم
bahnen,بہنیں
dawat,دعوت
percham,پرچم
mary,مارے
rishte,رشتے
hungry,هنگری
book,بوک
intikhab,انتخاب
shohar,شوہر
zia,ض
changa,چنگا
tumhara,تمہارا
picture,پکٹير
nishaan,نشان
school,سچول
dad,ڈاڈ
theory,تھیوری
mangne,مانگنے
guzarny,گزارنے
must,مسٹ
tera,تیرا
ho,ہو
bhoolne,بھولنے
islamic,اسلامک
g0onge,گونگے
cheeniwo,چینی
kami,کامی
mile,ملے
marz,مرض
irfan,عرفان
ya,يا
banana,بنانا
hope,حوپي
kora,کوڑا
40,٤٠
nah,ناه
kaka,کاکا
raahon,راہوں
room,روم
dj,دج
son,سون
wala,والا
tooti,ٹوٹی
pareshan,پریشان
jump,جمپ
assault,اسايلٹ
intro,انٹرو
din,دیں
pelane,پلانے
bawajod,باوجود
lubaba,لباب
tehreer,تحریر
toot,ٹوٹ
hundred,حانڈريڈ
dhond,ڈھونڈ
janaze,جنازے
izafa,اضافہ
he,ہےکے
zaher,زهیر
most,موست
pkhtoon,پختونخواہ
farishte,فرشتے
bhaagny,بھاگنے
waqas,وقاص
zakhm,زخم
neck,نيک
dal,ڈال
tareke,طریقے
imtiaz,امتیاز
jaon,جاؤں
bola,بولا
tabdeel,تبديل
zor,زور
baha,بہا
jazbo,جذبوں
ishq,عشق
mazaq,مذاق
slim,سلیم
joti,جوتی
sochon,سوچوں
mama,ماما
mera,میرا
mehsus,محسوس
mara,مرا
himt,ہمت
zarurat,ضرورت
chalna,چلنا
deta,دیتا
chashm,چشم
lost,لوسٹ
nhi,نهیں
daway,دعوے
nabz,نبض
o,و
nhi,نہیں
kantay,کانٹے
faqeer,فقیر
misl,مثل
mafi,معافی
hahaha,ہا
sarsari,سرسری
ishara,اشارہ
nagan,ناگن
soch,سوچ
aaib,عیب
unless,انليس
chupke,چپکے
baby,بابی
ye,ییہ
waqt,وقت
majboor,مجبور
inquiry,انکوري
tamam,تمام
se,سے
slip,سلپ
toti,توتی
ustad,استاد
fazol,فضول
dekhana,دکھانا
mohsin,موحسن
ganwa,گنوا
uth,اٹھ
lagwa,لگوا
majbori,مجبوری
twinkle,ٹونکل
zani,زنی
newzeland,نیوزی
junaid,جنيد
january,جنوري
asliat,اصلیت
phirne,پھرنے
manana,منانا
smell,سميل
yaro,یاروں
owner,ونير
fail,فيل
atoot,اٹوٹ
bachao,بچاؤ
bilal,بلال
rakhe,رکھے
clear,کلیر
hathon,ہاتھوں
face,فاک
sakt,سکت
tail,تيل
jag,جاگ
lips,لپس
afsanay,افسانے
awaz,آواز
junaid,جينيڈ
hn,ہن
dosto,دوستو
zaat,ذات
seat,سيٹ
iron,رون
sameer,سمیر
sara,سارا
walda,والده
ula,الا
key,کيي
thi,تهی
karwaya,کرایا
pohanchane,پہچانے
log,لؤگ
subha,سبھا
gnda,گندا
sulah,صلاح
farhan,فرحان
aya,ایا
pattay,پتے
ti,ٹوٹتی
ahista,آہستہ
face,فيس
122,۱۲۲
hat,ہٹ
thank,حنک
buzarg,بزرگ
gir,گر
blkul,بالکل
mehfil,محفل
performance,پرفامنس
infomation,انفارمیشن
enough,يناؤ
gaib,غائب
mukar,مکر
badal,بد
tasalli,تسلی
azam,اعظم
khasta,خستہ
ado,ادہ
space,اسپيس
ziarat,زرارت
ra,علی(رض
wife,وائف
salman,سلان
huy,ہوئے
funny,فنی
na,نہ
nasha,نشہ
aik,ايک
atif23,٢٣
tara,تر
hazrat,حضرت
hyper,هایپر
bacha,بچہ
faasla,فاصلہ
fatah,فتح
improve,مپرؤو
space,سپیس
abi,ابھی
loverzlyke,لیک
farah,فرح
arrangement,اررانجمنٹ
tough,ٹاؤ
rehny,رہنے
prng,پروگرام
kasam,قسمآی
shugal,شغل
tohfa,تحفہ
awaraboyz,آوارہ
he,اسوقت
fear,فیئر
kiler,کلر
ful,فل
game,گيم
loveurajj,یوراج
cntr0l,کنٹرول
sarang,سرنگ
yaksar,یکسر
find,فاینڈ
tag,تیگ
driver,ڈرایئور
samjtay,سمجھتے
mobile,موباءل
my,مائ
number,نمبرز
kal,کل
40,۴۰
trousers,ٹراوسيرس
nqvi,نقوی
dijiye,دیجئے
and,اینڈ
reply,رپلاءی
tag,ٹيگ
name,نيم
bandar,بندر
invite,انوائٹ
makory,مکوڑے
lag,لگ
dil,دِل
jarr,جڑ
ba'din,بدن
friend,فریبڈ
number,نمبرپر
jok,جاب
chalna,چلانا
sincere,سنسر
fajar,فجر
pak,اپک
saye,سائے
sani,عینی6
pathan,پھٹان
din,دن
blame,بليم
in,اِن
mansehra,مانسرہ
machli,مچھلی
pases,پاسز
gap,گَپ
petition,پيٹشن
behn0n,بہنوں
tariqa,طریقہ
ali,الي
pehnk,پھینک
tarafa,طرفہ
hunar,ہنر
khan,خين
wo,وہ
mr,مسٹر
is,اِس
zehar,زہر
loan,لوين
attend,آیتٹڈ
siwae,سوائے
itfun,فو
badla,بدلہ
about,اباوٹ
mashwara,مشورہ
rota,روکتا
invite,انوأٹ
160,۱۶۰
wpsi,واپسی
doctor,ڈکٹر
pehar,پہر
dafan,دفن
shout,شاوٹ
representative,ریپرسنتتیز
accusation,اککساشن
nazar,نظر
parhai,پڑھائی
section4,سیکشن
sharminda,شرمندہ
mur,مڑ
number,نبمر
bistar,بستر
race,ريس
pichli,پچھلی
poetry,پوٹرے
haibulaya,بلایا
rax,رسک
ghazal,غزل
sar,سر
move,موو
sehan,صحن
kamina,کمینہ
alvi,علوی
mulahiza,ملاحظہ
si,عنایت
hamza,حمزہ
him,حم
gulistan,گلابان
madina,مدينہ
polite,پولائیٹ
flower,فلاور
jinnah,جناح
usa,امریکا
stats,سٹیٹس
mobile,موبائل
december,دسمبر
qadar,قدر
msg,میسج
phasane,پھنسانے
clever,کلئور
tek,تهیت
aw,ارمانی
chamak,چمک
direction,ڈريسشن
brother,بورهتر
jamhazaron,جم
kahiyo,کھیو
leavng,لیونگ
th,ہوی
zaamin,ضامن
puchna,پوچھنا
dhundley,ڈھلنے
gooshtkeere,کیڑے
chara§sazo,سازو
upcoming,کمنگ
rum,رمضان
may,مئی
palat,پلٹ
use,اسسے
maalik,مالک
august,اگست
kay,کھلاؤں
parda,پردہ
guzar,گزر
mouth,ماوتھ
ftawa,فتویٰ
ha,امسالو
bezaar,زار
rit,رائیٹ
easy,ايذي
qabar,قبر
falak,فلک
ground,گروانڈ
shayan,حیان
shop,شاپ
zaat,زاد
thaam,ٹھاک
mom,مام
qismat,قسمت
hawala,حوالہ
dil,دلک
now,ناؤ
gh„z†l>£=jinhain,جنھیں
tracks,ٹریکس
qehat,قحط
ye,یہ
rajab,رجب
change,چیگ
zama,زمہ
taras,ترس
aye,آۓ
nagaras,نگر
zafar,ظفر
dedicated,ڈیدیکیٹ
qatal,قتل
jidhar,جدھر
bataen,بتائیں
except,ایکسیپت
mainy,مانے
sitam,ستم
hy,ھے
music,میوذک
hissa,حصہ
insane,انسین
jhalak,جھلک
nafrat,نفرت
muttahid,متحد
istemal,استعمال
behan,بہن
aabhati,بھٹی
kamina,کمینے
quota,کوٹہ
area,ایرےا
angel,اینجل
eid,عید
pakda,پکڑا
football,فوٹبول
mathai,مٹھائی
hockey,هاکي
pan,پن
pharta,پڑھتے
pakar,پکڑ
baly,بلے
argue,آرگؤ
chose,چوز
khalal,خلل
lagaty,لگاتے
admin,ایڈمن
basny,بسنے
ni,نہيں
pakistani,پکستی
soe,سوئے
chot,چھوٹ
name,نیم
sum,صم
pochon,پوچھوں
nikal,نکل
ehsaanjataya,جتایا
halwa,حلوہ
reply,رپلاے
answer,اينسوير
karnakemanshaitan,شیطان
good,گڈ
sak007,سک
dukaan,دکان
jeetege4ndshpland,جیتیں
frmaenge,فرمائیں
fire,فائر
either,ايدر
logun,لگن
hui,ہوئی
lagny,لگنے
sim,سم
male,میل
roye,روئے
angel,انجل
nice,نائس
sukkur,سکهر
gum,گم
qatar,قطر
azziyati,اذیت
mahikm,مہک
shear,شئیر
passage,پاساج
have,هیو
itni,انٹی
faiday,فائدے
sat,سیچرڈے
maa,موم
starplus,پلس
bewafai,وفائی
sony,سنے
shakal,شکل
reply,رپلائی
place,پليس
bahana,بہانہ
sub,سبکو
roopa,روو
chory,چھوڑے
oupar,آرہے
frnd,فرینڈ
rain1,رائن
lagny,لگانے
tasawur,تصور
lover,لوؤر
da,دہ
tery,ترے
sehma,حادثہ
jigar,گرہوں
tujhe,تومجھے
islamabad,آباد
te,طہ
sajid,جد
hawaen,ہوائیں
darul,ڈرل
house,ہاؤس
bachny,بچانے
easy,ایزی
hojaye,ہوجانے
cholay,چھولے
time,ٹاءیم
forget,فورجٹ
hai,عرشہ
majid,ماجِد
qaim,قاءم
bilkul,بلکل
move,مؤو
par,پر
allama,علامہ
gye,گۓ
lucky,لکی
receive,رسیو
hukum,حکم
jis,جس
asma,عاصمہ
kda,کدہ
choo,چھو
height,حئٹ
nalayaqlog,نالائق
kamra,کمرھ
nebujh,بجھ
bro,بردار
saddar,صدر
noman,نعمان
accept,ایکسپت
taaqat,طاقت
farmai,فرمائی
ablegoldgood,گولڈ
haijanglon,جنگلوں
2st,ٹوسٹ
tarah,طرح
sub,بانہوں
miss,مس
ashiq,عاشق
muhammad,محمد
aby,ابے
air,اير
dilujjar,اجڑ
tag,تائد
out,آؤٹ
am,آہی
honey,ہنِّی
par,اپر
also,اولسو
dharhak,دھڑک
10,۱۰
fahad,فهد
heav3n,ہیون
made,مید
la'anat,لعنت
musharraf,مشررف
replyshakh,شاخ
grade,گریڈ
dear,ڈیئر
mat,مت
frank,فرینک
death,دتھ
mirpur,پور
hafta,ہفتہ
jenake,جنکا
rns,رنز
mazhab,مذہب
churi,چھری
father,فادر
my,مائی
party,پڑتے
fctry,فیکٹری
amir,عامر
khusgowar,خوشگوار
duaon,دعاؤں
area,ایریا
quvat,قوت
tasalsul,تسلسل
shaks,شخس
die,ڈي
zinda,زندہ
channels,چينل
cat,کيٹ
aen,آئیں
saima,صائمہ
the,تیا
asim,عاصم
lagai,لگائی
sxy,سیکسی
but,بٹ
say,انسے
,نن
life,لائف
sar,سرِشام
some,سؤم
age,ایج20
page,پیجیز
talba,طلبہ
mujrim,مجرم
attitude,ایٹیٹیوڈ
ans,انز
hotajitni,جتنی
sukhan,سخن
block,بلاک
perhaz,پرہیز
kamer,کمر
hassan,حسن
cup,کپل
hi,ايوریون
molvi,مولوی
should,شاولڈ
ground,گراؤنڈ
pal,پرل
mohsin,محسن
chalnge,چیلنج
assassination,اساسناشن
add,ایڈ
sunany,سنانے
pat,پٹ
forward,فارورڈ
jannat,جنت
jin,جن
jinaza,جنازہ
ajaen,آجائیں
any,اینی
shiye,شئے
nastur,نصرت
ghassb,غضب
zawaal,زوال
sy,سٹار٠٠٧مجھ
gai,گءے
khalasugra9,خالہ
double,ڈاوبل
ayesha,عائیشہ
kaaba,کعبہ
uskimakhlooq,مخلوق
parinda,پرندہ
like,لاءک
baezati,بےعزتی
bato,بتاو
china,چائنا
hansny,ہنسنے
jayun,جوں
wcup,کپ
age,علم
finish,فنش
zahra,زهره
rider,رائیڈر
safar,سفر
ever,ایور
sabab,سبب
friend,فرنڈ
sadder,صادر
nation,ناشن
kinara,کنارہ
mera,مرہ
behtar,بہتر
lihaza,لہذا
urhesimat,سمٹ
darjan,درجن
israil,اسرائیل
six,سکس
page,پیج
zamana,زمانہ
fine,فائن
tikke,ٹکے
line,لائن
bookz,بک
sarhad,سرحد
sunaye,سنیے
quetta,کویٹه
bohat,بھت
fit,فٹ
fix,فیکس
sit,سٹ
bad,بیڈ
ins0no,انسانوں
sadan,دان
magar,مگر
uncle,انسول
is,از
ge3,گوشت
time,ٹائم
plz,پلیز
hey,ہسسی
boy,بواۓ
sun,سن
happy,ہپی
qad,قد
princes,پرنسز
lain,لائے
duaen,دوائیں
tab,تب
out,اوٹ
gusa,غصہ
sharam,شرم
madina,مدینہ
bin,بِن
matlab,مطلب
share,شیّر
javed,جاوید
hum,ہم
aaey,آئے
style,سٹايل
qudrat,قدرت
gum,گُم
maf,معاف
larkiyon,لڑکوں
chrny,چھڑنے
hazaraloverz,ہزارہ
boy,بونے
saddam,صدام
season,سیزن
talab,طلب
bichra,بچھڑا
dhaba,دھبہ
difficult,ڈففکلٹ
tag,تگ
hujjat,حج
khushali,خشحالی
office,آفِس
salya,سالہ
ash,ایش
by,باۓی
khiladi,کھلاڑی
di,ددی
invite,انوایٹ
sms,ستھرا
same,سیم
light,لایءٹ
pochti,پوچھتی
shukariya,شکریہ
my,مای
detailsroznama,روزنامہ
rays,ریز
chura,چھڑا
puchni,پوچھنی
tie,ٹي
uni,ینی
lazy,لیزی
sub,بیلا
koi,کوو
blank,بلینک
rhe,ايس
zehrali,زہریلی
here,ہیئر
har,ھر
indication,انڈکاشن
young,ینگ
sahaba,صحابه
sariyal,سریل
parhny,پڑھانے
pochta,پوچھتا
bro,بردر
silsila,سلسلہ
larky,لڑکے
qismat,قطرے
meinkhaar,خار
msg,مسج
line,لائین
silent,سائیلنٹ
dar,در
voice,وائس
many,مینی
salah,صلح
kahin,کہيں
penis,پنس
sabar,صبر
machal,مچل
han,هےں
pat,پت
intena,اینٹینا
taly,تلے
netguru,گرو
tayaba,طیبہ
fake,فیک
fitrat,فطرت
record,ریکارڈ
hoi,هوتيں
galaazat,غلاظت
election,الیکشن
furniture,فرنيچر
mar,مر
choti,چھوٹی
shikwa,شکوہ
royen,روئیں
jagaon,جگہوں
markaz,مرکز
kainat,کائنات
machar,مچھر
peshwar,پشاور
lak,کروڑ
relax,رلیکسس
habib,حبيب
maa'il,مائل
hum,هم
munfarid,منفرد
human,حيمين
muddat,مدّت
love,لوو
lobhaly,بھلے
touch,ٹاوچ
pasand,پسند
rishta,رشتہ
ruk,رک
jhangvi,جھنگوی
tak,تک
stop,سٹاپ
chachi,کچی
sattar,ستر
ek,ایک
how,ہاؤ
limit,لمٹ
boy,بواے
theghostslam,گھوسٹ
rut,رت
age,ایج
ga,ایجنڈا
jab,جبہ
advice,اڈوس
khizar,خضر
abuse,ابيوز
mexi,میکس
mukhtasir,مختصر
jaye,جائے
nine,نين
takiye,تکے
gai,گئی
light,لايٹ
attock,اٹک
activate,اکتیویت
jae,جاۓ
mehvar,محور
silent,سائلنٹ
dehan,دھیان
chota,چھوٹا
firing,فائرنگ
gae,گئیں
leave,لئو
daughter,ڈائٹر
me,یں
isy,اِسے
ge,گھی
lar,لڑ
life,لا‍ءف
aaina,آئینہ
hue,ہوۓ
urslfkhumari,خم
billo,بلوں
can,سين
sister,سسٹر
fikar,فکر
qasam,قسم
ya,اففففففففف
hijar,حجر
khushgwar,گوار
mother,مودر
kafan,کفن
paper,پپر
gull786,گل
jagay,جگہیں
silsily,سلسلے
face,فیس
aivan,ایوان
yaq,یک
chup,چھپ
ap,پ
warna,ورنہ
jabrey,بازو
cherryhazara,ہیری
koi,کوئ
jealousy,جيلاوذي
god,گُد
gurbat,غربت
nisai,نسائی
deliver,دلاور
hoi,ھوئی
kam,کم
double,ڈبل
yamani,یمنی
lev,لیو
wasiqatra,قطرہ
and,انجم
is,اذ
fikarmand,فکرمند
dilaty,دلاتے
princes,پرسز
male,ميل
fail,فائل
use,یوز
side,سڈ
par,پڑ
pathaka,پٹاخہ
jaoqaza,قضا
qa'em,قائم
geonisar,نثار
maqsad,مقصد
round,روانڈ
pehlao,پہلو
talabgaar,طلبگار
sunae,سنائے
car,کير
mehnat,محنت
khulny,کھلنے
tanhai,تنہائی
friday,فريڈے
dr,ڈاکٹر
hat,حيٹ
guide,گيأڈ
jevan,جیون
every,ایوری
sho,سکو
solve,سولو
lakin,لکن
travel,ٹرأول
pakge,پیکج
angle,انجیل
badar,دربدر
muntazir,منتظر
martaba,مرتبہ
cute,کیوٹ
shukar,شکر
electronicmedia,الیکٹرانک
mukammal,مکمل
muskan,مسکن
kidhar,کدھر
bhattak,بھٹک
qadam,قدم
dil,دل
han,هین
labour,لبر
lipat,لپٹ
gain,گائیں
govt,گوورنمنٹ
tarap,طارق
caste,کيسٹي
doubt,ڈاوبٹ
mahubat,محب
nai,نئی
dil,ی
talha,طلحہ
mokabala,مقابلہ
muqadar,مقدر
driving,ڈرایونگ
bahaar,بہار
gayn,گیئں
charger,چارجر
gas,گیس
mil,مل
huma,ہمہ
safeguard,گارڈ
zindgi,زنگی
gi,گئ
poetry,پوئیٹری
mohsin,محسنیاد
thasub,تحت
lie,لي
active,ایکٹو
adres,ایڈریس
msg,مسسج
sar,الفت
topic,ٹاپک
hum,ہیم
ill,ل
muqaam,مقام
srve,سرو
fit,فِٹ
skydome,دوم
indian,انلمیٹڈ
illiterate,للٹريٹ
inside,انسأڈ
zimka,زم
faheem,فھيم
abba,ابّا
sujda,سجدہ
construction,کونسٹرکشن
ayesha,عائشہ
naila,نائلہ
april,اپريل
hai,ههےے
eighty,ائٹي
college,کولیج
parast,پرست
sami,سیمی
muslims,مسلمز
whr,ویئر
magny,منگنی
update,اپڈيٹ
how,ہاو
dilmurad,مراد
pak£=£)parhai,پڑھیں
finger,فنجر
nazara,نظارہ
papers,پیپرز
drivr,ڈرائیور
wajah,وجه
shyd,شائد
pichle,پچھلے
dil,دلے
rab,رب
immediately,مميڈيٹيلي
kick,کک
nine,نائن
basit,بسسٹ
taxes,ٹیکس
that9,ہائیٹ
bhai,بھئ
banay,بننے
an,اين
madad,مدد
bal,بل
dukaty,دکھاتے
practical,پرکئیٹکل
lote,لٹ
chaman,چمن
admin,ایدمن
jannat,جنّت
kha,ایچ!آی!آی۲
personal,پرسنل
bohly,بھولے
majma,مجمه
is,اِز
akbar,کبر
nhihar,حر
gandy,گندے
manzar,منظر
ghayab,غیب
sakty,سکتے
paaogy,پاوگے
cause,کييوز
beliyo,بلیو
manzil,منزل
badshaonki,بادشاہوں
silver,سلٔور
badmash,بدمعاش
dilber,دلبر
faqat,فقط
signal,سگنل
thy,تہے
pencil,پنسل
sher,شعر
qadirbux,قاری
maayen,مائیں
drnykabole,ڈرنے
zama,ذمہ
che,چھ
bat,عا
shak,شیک
insane,انسين
mamlay,معاملے
pehan,پہن
farhan,فارحين
qail,قائل
goes,گوز
muslim,مسلم
parhte,پڑھاتی
plan,پلين
ehraam,حرام
try,ٹراے
dawai,دوائی
madel,میڈل
allah,الہَّا
skyfunsantoshdost,فن
kamaal,کمال
bachy,بچے
ghanta,گھنٹہ
follow,فولّو
pledge,پليڈج
msnoor,منصور
dlail,دلائل
msg,میسسج
farqaleet,فرقہ
it,علیشا
man,من
husband,حسبیند
che,چہ
hum,ھم
isi,ايسی
little,لٹل
light,لائٹ
uljhangardish,گردش
koe,کائی
salam,اللام
poetry,پوءتڑی
mind,مائینڈ
boy,بوائیز
mariam,مریم
bhejobecho,بچو
jaber,جبر
voice,وائز
ye,يه
decentnaveed,سینٹ
karam,کرم
taana,طعنہ
tell,ٹل
pace,پيس
try,ٹرے
dam,دم
devil,دیول
receive,ريسئو
smjh,سماج
sabika1,بکا
kai,کئی
new,نۓ
sunny,سنی
din,دِن
pvt,پوٹ
skydome,ڈوم
seher,سحر
shz,شاذ
fat,فيٹ
im,اِم
gharaz,غرض
hmm,همہ
super,سپر
skale,لیڈ
laqab,لقب
ashraf,راجہ
fursat,فرصت
queen,کوئن
hogaedekhi,دیکھی
sitara,سترہ
ujlay,الجھے
box,بوکز
lab,لب
by,باے
silent,سائیلینٹ
txt,ٹیکسٹ
mobile,موبیک
jug,جگ
listen,لسن
thalehja,لہجہ
nishan,نسان
and,اينڈ
zehmat,زحمت
fahad,فہد
haimillo,ملوں
jaothaki,تھکی
cpy,کاپی
grps,گروپس
uchal,اچھل
dar,ڈر
pathar,پتھر
enjoy,اينجؤاے
wagera,وغیرہ
heqalm,قلم
cable,کیبل
justin,جسٹن
sun'ne,سننے
hunar,ھنر
khabar,خبر
safai,صفائی
tag,ٹیگ
information,انفارمشن
quater,کوارٹر
ba,بخیریت
site,سائٹ
fine,فين
qurbat,قربت
bus,بس
tracks,تریکس
jazba,جذبہ
koi,کوئی
image,ماج
locked,لوکڈ
intention,انٹينشن
nhi,نیہں
lamha,لمحہ
presntatn,پریزنٹیشن
password,وورڈ
tobakiya,توبہ
lhr,لاہور
my,ماءی
purwaai,پروائی
pk,پی
hamza,حمزه
chua,چھوا
chora,چھوڑا
usage,يساج
nai,نہی
pinnacle,پنناسول
mumkin,ممکن
words,ورڈز
bhaion,بھائیوں
sataty,ستاتے
asia,ایشیا
la'aay,لاۓ
hal,حل
kambakhatbahir,کمبخت
order,ارڈر
samandar,سمندر
may,مٔي
pas,پس
hainauron,آوروں
keh,کہہ
naqaab,نقاب
sindhi,دهی
bhaio,بھائیو
betab4u,تاب
marham,مرہم
bakhsh,بکش
what,وٹ
eat,ايٹ
bicha,بچھا
gave,گیو
gepoetri,پو
dua,دعا
cricket,کڑکٹ
jazery,جزیرے
bywaqof,وقوف
laa'iq,لائق
qarina,قرینہ
jalan,جلن
haisheh,شہ
month,مہینے
choro,چھوڑو
create,کرييٹ
black,بلیک
124,۱۲۴اؤشا۸۹
hello,هولو
insitute,انسٹیٹوٹ
asalam,اسلم
thank,تھینک
computer,کمپیوٹر
nick,نک
num,نم
bohat,بہت
,اَبدُّلہا
tc,کیئر
chapter,چیپٹر
principal,پرنسپل
tabeer,بیر
ntwrk,ورک
subah,صبح
misaal,مثال
tan,تن
becharay,بچھڑے
pichla,پچھلا
ludhyanvi,لدھیانوی
game,گیم
jhelum,جہلم
un,اان
drives,ڈرائیو
z0o,زو
hadees,حادث
magic,میجِک
edit,ایڈٹ
sara'sar,سراسر
mughal,مغل
fasil,فاصِل
haapna,ااپنے
bulbul2,بلبل
silent,ساءیلنٹ
asif,آصِف
galat,غلط
kisitara,ستارہ
nice,نس
fakhur,فخر
round,راونڈ
jab,جب
february,فروري
ktm,مانگو
banany,بنانے
khatam,ختم
did,دِدّ
barhai,بڑاہی
ghaznavi2,غزنوی
thanks,ہنکس
kazan,کزن
pehra,پھیرا
large,لارج
mutaliq,مطلق
btaega,بتائے
bkbh1mehfoz,محفوظ
sunnat,سنّت
saifullah77,فلاح
rahger,رگ
paya!chara,چارہ
qissay,قصے
muharak,محرک
contact,کاٹیکٹ
us,اُس
bcz,کاز
jumerat,جمعرات
muflis,مفلس
zillat,ذلت
khaltay,کھیلتے
nabuwat,نبوت
reheta,رہتیں
na,نه
jaazib,جاذب
rates,رٹس
accept,ایکسپٹ
bakhairilyasshah,الیاس
lun,لن
chaye,چھے
change,چينج
night,نائیٹ
chat,چیت
mavia,معاویہ
muhabbat,محبت
line,لائیں
c”des,ڈیز
got,گاٹ
ye,یه
paey,پاۓ
shaid,شاہد
dhaka,دھکّا
jain,جائیں
as,ایز
ummat,امّت
kanwal,کنول
skan,کامل
alive,الٔو
reh,رہ
mayyat,میت
machron,مچھروں
societykoi,سوسائیٹی
bassi,بسی
style,سٹایل
chanda,چندہ
zara,زرہ
love,لؤو
music,میوزک
seh,سہ
is,یز
my,ماے
roz,رووز
number,نمبر
mahal,محل
malik,ملک
50,۵۰آپ
cut,کٹ
night,نائٹ
baton,بتاؤں
aik,یل
taraf,طرف
gayekhazaane,خزانے
mangva,منگوا
killer,کالر
not,نُٹ
garam,گرم
zax,زے
weather,ویدر
convert,کنورٹ
website,سائیٹ
k0nsi,کونسی
zaat,تجربات
pinjra,پِنجرا
tags,ٹیگس
urooa,عروہ
bejo,بھیجو
attribute,يٹٹربيٹي
havali,حویلی
ravidear,راوی
private,پرو
sambhal,سنبھل
paidaar,پائیدار
shahzaar,زر
unqareeb,عنقریب
karte!hum,کھیلا
amenmrfn,نسب
4ndz,نعمت
investigation,انویسٹیگیشن
judge,جج
snkk,کیک
ewiz,عوض
8swal,اگ
virus,وائیرس
dost,ديست
with,انیبوڈی
chupata,چھپاتا
back,بیک
magar,انگیز
year,ائیر
match,ميچ
4ndshpland,لینڈ
allrizvi,رضوی
kory,رنڈی
jazz,جیز
busines,بزنس
jism,منزلیں
von3,وون
lacture,لیکچر
daira,ادارے
university,يونيورسٹي
hainprince98bhai,یحییٰ
example,اکامپل
zubair,زُبیر
gaya,گرام
option,اپشن
tourist,ٹاورسٹ
admission,ایڈمشن
rwp+isb,راولپنڈی
karangyplz,کرینگے
slam,اسسسلم
uzma,عظم
warahmatullahmuhtram,محترم
uzma,عظمہ
chutiyan,چھٹیاں
romaan,اومان
bikhar,رہوں
bolasaien,سائیں
rahi,ہورہی
morning,مارننگ
kong,کانیرو
down,ڈاون
tounkopocket,پاکٹ
start,امتحاں
keerry,کھڑے
ainda,آئندہ
introduc,سیلف
uska,وزن
bhulo(bekan,حماد
hottttmra,ہاٹ
cardiac,ایمرجنسی
ailmranx,لیول
chemistryblog,بلاگ
exam,ایگزام
rank,رینک
gaiaaaa,آہ
attraction,ایٹرکشین
dostn,سبی
b0lta,بولتا
city,سِٹی
anxiety,اينبيٹي
tips,عزل
some,سَم
other,ایٹ
gift,تحفے
uzma,عظمیٰ
gadha,گڑھ
service,سروس
absar,ایے
ajmalmmd,مہمند
intro,تعارف
sar0n,عون
over,ؤور
apne,اہنے
owner,انر
hadis,عبداللہ
loonphir,نچوڑ
chorain,چھوڑیں
kodunta,ڈھونڈتا
usman,عثمان
otaray,اتارے
c0merce,کامرس
town,ٹاون
mohsin,مشن
akeer,اخیر
books,کتابیں
mutabik,قانون
qaimchatmyra,مہرہ
karn,کچہری
gisherilandchopaal,شہری
real,اصلی
utopia,یوٹوپیا
science,سائنس
hall,حول
ap(s,الیہ
result,یگزیمز
sssshhh,شش
afghanistan,سعودیہ
(lishbag,بیگ
chernay,چھڑانے
gang,گینگ
chaheay,الہ
everyone,ئوريوني
umar,عمر
college,کالج
reserve,ریزرو
section,آکشن
dali,دہلی
dmps,ڈی
horror,هُورّر
info,اِنفو
thursday,ديرسڈے
pinklovetip,ٹیپ
ulad,اولاد
choonay,چھونے
connection,کنکشن
rocky,راکی
bataye,بہتے
natural,نيٹيرال
owner,اونر
sara,سسر
swimmingpool,سوئمنگ
explosion,اکپلوسون
nahihar,ہندوستان
vote,ووٹ
naye,نئے
prinda,پوتی
result,رزلٹ
match,میچ
pakistani,ٹيم
akbar,اخبار
student,سمی
pehleb0y,بوائے
attorney,يٹٹورنيي
evening,ئوننگ
zaidsmart2,زائد
united,يونيٹڈ
dahar,عظمت
jahe'n,ہدایت
evening,ایوننگ
taxes,تکسی
ainda,آئیندہ
dundo,ڈھونڈو
matches,میچز
successfully,لکھی
exist,اکزسٹ
fever,یپ
3avilian,اولین
love,ایگذوربینٹ
d0nga,دونگا
bhihaar,برائی
together,ٹوجدر
develop,ڈئولوپ
send,ایبل
bajtay,بھیجتے
extra,ایکسٹرا
song,سپیسیلی
warna,آمدید
eman,ایمان
brothr'sarif,عارف
muslims,مُسلمز
amazing,اتھر
childhood,حائل
user,یوزر
salam,مئ
paila,پھیلا
zahkme,زخمی
rahen,امکان
dictionary,ڈکشنری1
other,ودر
muskurata,قافلہ
chup,اگلے
down,داون
nrthrn,ناردرن
univrsity,یونیورسٹی
daod,ابن
virus,وائرس
advantage,اڈوانٹاج
morning,مارنگ
jagng,ارتھ
hame,ہفتے
five,فٔو
seventy,سئونٹي
muncipal,میونسپل
h0gy,ہوگئے
study,ائر
invitation,انوٹاشن
shaher,حسين
universe,يونئورسي
night,نٔٹ
uncha,اونچا
oxygen,آکسیجن
intrnational,نیشنل
song,سانگ
cats,کیٹس
liye,لئے
elawa,علاوه
hand,ہینڈ
welcm,لیکر
thousand,داوسانڈ
sindh22,٢٢
ecosub,ایکو
aima(a,آئمہ
fashion,فیشن
mashriqmagribshumaljunoob,جنوب
mumkin,ن
salam,انوسینٹ
intro,اِنتڑو
yourself,ياورسيلف
atom,ایٹم
aswadsapnag9,٩
batmeezi,بدتمیزی
islam,اگینسٹ
against,یوزڈ
funlandjahanum,جہنم
ninecutshahzad,نائین
policyion,پالیسیاں
chemistryblog,بلو
earthridder,رد
ocean,اوشن
oraaq,اوراق
unit,یونِٹ
2davdaas,داود
giletmse,میلوں
broadcast,بورڈ
loverr,اوور
liye,لئیے
chodney,چھوڑنے
spiritual,اسپرٹيال
die4pak,ائی
dob08,دیس
h0gae,ہوگے
vote,ووٹي
hungumbad,گنبد
busy,بزی
video,وڈیو
picture,پکچر
several,سئورال
special,اسپيسال
maintum,تل
sahar,ہوبا
hindustan,تاجکستان
chaaaaaaaa,چاہ
parents,پیرنٹس
mzhab,حنیفہ
section4,ایکشن
jasmine1,جیسمین
registr,رجسٹر
card,کيرڈ
soadayidhoondta,سودائی
mein,عیاں
ghonslay,انڈوں
madam,میڈم
sixty,سکسٹي
bhoslyaman,اکرم
setting,سٹينگ
aankhe,قدموں
sunsandil,اُن
obharay,ابھرے
udaslab,لیب
main,آسم
none,اونپوچھ
chupanay,چھپانے
salam,سٹارسلام
faseelen,عمارت
manager,مینجر
zong,ذانگ
gusa,گھاس
this,اجازت
aged,اجڈ
bakshay,بخشے
speak,اِسپیک
lana,عمال
follow,وائبریشن
year,ایئر
outcry,اوٹکري
school,سشول
data,ڈیٹا
k100,۱۰۰
come,کٔم
kro1)kalma,کلمہ
davdaas,ڈیوڈ
asul,سنتے
reply,رئپلاۓ
number,ننبر
bichho,سانپ
earth,ايرتھ
uraan,اوران
upny,وسیع
bola,بھولا
shaukat,شہک
tasveerainphir,تصویریں
ajao,عضو
expensive,اکپينسٔو
education,ایجوکیشن
murad,آیات
online,اونلاین
open,اوپن
kidnap,اغوا
dewaane,ایوانے
hmpg,ہوم
this,ہز
mountain,ماونٹين
void,ووڈ
liye,لۓ
beauty,عمرزئی
highfaihahahahaha,فائی
might,مٔٹ
tamasha,سہتے
hack,ہیک
speed,اسپيڈ
university,يونئورسٹي
mind,مآءیند
usama,اُساما
split,اسپلٹ
zaman,مجال
year,ایر
liver,لٔور
upar,اوپر
rock,راک
eight,ائٹ
aur,اور
MashAllah,ماشاءاللہ
Allah,اللہ
oil,آئل
paste,پیسٹ
badtamezi,بدتمیزی
khelon,کھیلوں
hawaon,ہواﺅں
